CREATE DATABASE  IF NOT EXISTS `groept` /*!40100 DEFAULT CHARACTER SET latin1 */;
USE `groept`;
-- MySQL dump 10.13  Distrib 5.5.16, for osx10.5 (i386)
--
-- Host: 127.0.0.1    Database: groept
-- ------------------------------------------------------
-- Server version	5.5.22

/*!40101 SET @OLD_CHARACTER_SET_CLIENT=@@CHARACTER_SET_CLIENT */;
/*!40101 SET @OLD_CHARACTER_SET_RESULTS=@@CHARACTER_SET_RESULTS */;
/*!40101 SET @OLD_COLLATION_CONNECTION=@@COLLATION_CONNECTION */;
/*!40101 SET NAMES utf8 */;
/*!40103 SET @OLD_TIME_ZONE=@@TIME_ZONE */;
/*!40103 SET TIME_ZONE='+00:00' */;
/*!40014 SET @OLD_UNIQUE_CHECKS=@@UNIQUE_CHECKS, UNIQUE_CHECKS=0 */;
/*!40014 SET @OLD_FOREIGN_KEY_CHECKS=@@FOREIGN_KEY_CHECKS, FOREIGN_KEY_CHECKS=0 */;
/*!40101 SET @OLD_SQL_MODE=@@SQL_MODE, SQL_MODE='NO_AUTO_VALUE_ON_ZERO' */;
/*!40111 SET @OLD_SQL_NOTES=@@SQL_NOTES, SQL_NOTES=0 */;

--
-- Table structure for table `customer`
--

DROP TABLE IF EXISTS `customer`;
/*!40101 SET @saved_cs_client     = @@character_set_client */;
/*!40101 SET character_set_client = utf8 */;
CREATE TABLE `customer` (
  `idCus` char(15) NOT NULL,
  `CusName` char(50) NOT NULL COMMENT 'Default customer name',
  `cusvat` char(15) DEFAULT NULL COMMENT 'Customer VAT number. f.e. BE0821695116',
  `cusphone` char(20) DEFAULT NULL COMMENT 'Default phone number',
  `cusMobile` char(20) DEFAULT NULL COMMENT 'Default mobile number.',
  `cusfax` char(20) DEFAULT NULL COMMENT 'Default Fax number',
  `cusemail` char(30) DEFAULT NULL COMMENT 'Default email',
  `cuswebsite` char(40) DEFAULT NULL COMMENT 'Customer website',
  `CusType` char(5) NOT NULL COMMENT 'Customer type. Values are pre-defined in Code Tables. f.e. customer, prospect, lead',
  `Cusclass` char(5) NOT NULL COMMENT 'Customer Classification. Values are predefined in Code Tables. f.e. A,B,C,D',
  `cuslang` char(5) NOT NULL COMMENT 'Default language. Values are predefined in Code Tables. f.e. Nl, Fr, En, De, ...',
  `cusCur` char(5) NOT NULL COMMENT 'Customer Currency. Values are predefined in Code Tables. f.e. Eur, Chf, Usd, Gbp, ...',
  `cusPay` char(5) NOT NULL,
  `cusActivity` char(100) DEFAULT NULL,
  `cusAccount` char(20) DEFAULT NULL,
  `cusInfo` char(50) DEFAULT NULL,
  `active` tinyint(1) NOT NULL COMMENT 'Active (T/F)',
  PRIMARY KEY (`idCus`)
) ENGINE=InnoDB DEFAULT CHARSET=latin1 COMMENT='Contains basic information for all the customers and prospec';
/*!40101 SET character_set_client = @saved_cs_client */;

--
-- Dumping data for table `customer`
--

LOCK TABLES `customer` WRITE;
/*!40000 ALTER TABLE `customer` DISABLE KEYS */;
INSERT INTO `customer` VALUES ('1163','Langens','BE0137342765','068/975193','072/499218','0473/473130','info@Langens.be','http://www.Langens.be','P','B','Nl','Eur','30','','','',1),('1164','Keramo','BE054126303','027/652869','04/680500','0704/772706','info@Keramo.be','http://www.Keramo.be','P','A','Nl','Eur','30','','','',0),('1165','Limota','BE0394417137','063/901696','029/713064','0456/1075317','info@Limota.be','http://www.Limota.be','P','D','Nl','Eur','30','','','',1),('1166','Edibo','BE0487324908','015/336615','032/444717','0700/400312','info@Edibo.be','http://www.Edibo.be','P','Indu','Nl','Eur','30','','','',1),('1167','Eddy Jehoul','BE0128997164','040/352259','061/526821','0827/452432','info@Eddy Jehoul.be','http://www.Eddy Jehoul.be','C','Indu','Nl','Eur','30','','','',1),('1168','Dethier','BE0934524060','018/679372','092/789386','0695/396561','info@Dethier.be','http://www.Dethier.be','P','D','Nl','Eur','30','','','',0),('1169','Ankersmidt','','035/367529','092/1016434','0596/292997','info@Ankersmidt.be','http://www.Ankersmidt.be','P','Indu','Nl','Eur','30','','','',1),('1170','Ankersmidt','BE0935530733','032/819196','046/602198','0868/1069166','info@Ankersmidt.be','http://www.Ankersmidt.be','P','C','Nl','Eur','30','','','',0),('1171','Siersteenfabriek','BE0809133517','029/533215','036/265073','0577/188142','info@Siersteenfabriek.be','http://www.Siersteenfabriek.be','C','Indu','Nl','Eur','30','','','',1),('1172','M.E. Construct','BE0472624382','072/831799','012/510551','0416/734793','info@M.E. Construct.be','http://www.M.E. Construct.be','C','Indu','Nl','Eur','30','','','',1),('1173','Keramo','BE0322837097','056/879414','094/940941','0451/791173','info@Keramo.be','http://www.Keramo.be','P','C','Nl','Eur','30','','','',1),('1176','Cladding','BE0686635811','02/567071','05/546413','0888/213971','info@Cladding.be','http://www.Cladding.be','P','B','Nl','Eur','30','','','',0),('1178','Franckaerts','','092/620324','083/183390','0765/1059251','info@Franckaerts.be','http://www.Franckaerts.be','P','Indu','Nl','Eur','30','','','',0),('1179','Sotec','BE0427534032','093/105794','085/1036760','0472/504808','info@Sotec.be','http://www.Sotec.be','P','Indu','Nl','Eur','30','','','',1),('1180','Dethier','','053/1054589','018/766997','0857/295954','info@Dethier.be','http://www.Dethier.be','P','Indu','Nl','Eur','30','','','',0),('1181','Limota','BE0585743497','087/533664','086/240816','0550/784565','info@Limota.be','http://www.Limota.be','P','C','Nl','Eur','30','','','',0),('1182','ACD','BE0334386334','078/921948','074/238176','0516/808409','info@ACD.be','http://www.ACD.be','P','C','Nl','Eur','30','','','',0),('1183','G.Heyninkx','BE0660764400','079/588709','050/185023','0483/120740','info@G.Heyninkx.be','http://www.G.Heyninkx.be','P','Land','Nl','Eur','30','','','',1),('1184','Axor','BE0890604626','030/393646','025/966687','0868/1033978','info@Axor.be','http://www.Axor.be','C','D','Nl','Eur','30','','','',0),('1187','Franckaerts','BE061124509','032/299597','074/989060','0692/432210','info@Franckaerts.be','http://www.Franckaerts.be','P','C','Nl','Eur','30','','','',1),('1190','Keramo','BE0617027784','014/470924','084/260280','0485/822640','info@Keramo.be','http://www.Keramo.be','S','Indu','Nl','Eur','30','','','',1),('1193','Franckaerts','BE0557168891','058/264962','068/1019609','0691/271022','info@Franckaerts.be','http://www.Franckaerts.be','P','C','Nl','Eur','30','','','',0),('1196','Breka','BE0705404190','06/787029','030/783921','0678/170755','info@Breka.be','http://www.Breka.be','P','Part','Nl','Eur','30','','','',0),('1197','Breka','BE0126781521','041/461713','090/1021361','0824/338365','info@Breka.be','http://www.Breka.be','P','A','Nl','Eur','30','','','',1),('1198','Siersteenfabriek','BE0623421522','030/1064816','072/130301','0805/256999','info@Siersteenfabriek.be','http://www.Siersteenfabriek.be','C','D','Nl','Eur','30','','','',0),('1199','Edibo','BE0744236907','045/854837','020/113714','0518/681870','info@Edibo.be','http://www.Edibo.be','S','Veeh','Nl','Eur','30','','','',1),('1200','Stassen','BE0405141581','094/888939','088/192053','0532/128693','info@Stassen.be','http://www.Stassen.be','P','Indu','Nl','Eur','30','','','',0),('1202','M.E. Construct','BE0588427819','046/482244','092/357057','0605/620870','info@M.E. Construct.be','http://www.M.E. Construct.be','P','A','Nl','Eur','30','','','',0),('1203','M.E. Construct','BE0472624382','043/128910','040/125164','0511/1050165','info@M.E. Construct.be','http://www.M.E. Construct.be','P','Indu','Nl','Eur','30','','','',0),('1204','Axor','BE010286302','030/320954','072/690379','0587/427555','info@Axor.be','http://www.Axor.be','P','Indu','Nl','Eur','30','','','',1),('1205','Siersteenfabriek','BE0437569159','060/123750','059/160291','0627/674768','info@Siersteenfabriek.be','http://www.Siersteenfabriek.be','C','B','Nl','Eur','30','','','',0),('1206','Cladding','BE0163935774','06/802976','014/465821','0790/1062185','info@Cladding.be','http://www.Cladding.be','C','C','Nl','Eur','30','','','',0),('1207','Dethier','BE0483147986','075/244395','010/601321','0589/1009871','info@Dethier.be','http://www.Dethier.be','P','C','Nl','Eur','30','','','',0),('1208','ACD','BE0705573644','052/983093','04/1019573','0485/135363','info@ACD.be','http://www.ACD.be','C','Indu','Nl','Eur','30','','','',1),('1209','Stassen','BE050677421','09/940491','084/918189','0823/167669','info@Stassen.be','http://www.Stassen.be','C','Land','Nl','Eur','30','','','',1),('1210','Aendekerk','BE0395371739','093/537512','022/1022240','0546/711253','info@Aendekerk.be','http://www.Aendekerk.be','P','Indu','Nl','Eur','30','','','',1),('1211','Gerits','BE0894621496','093/1093466','092/324689','0437/892376','info@Gerits.be','http://www.Gerits.be','P','Land','Nl','Eur','30','','','',1),('1213','Sotec','BE0148397597','068/509462','086/1098319','0855/363948','info@Sotec.be','http://www.Sotec.be','P','B','Nl','Eur','30','','','',0),('1214','Edibo','BE0210580043','061/543559','094/460556','0402/549751','info@Edibo.be','http://www.Edibo.be','C','C','Nl','Eur','30','','','',0),('1215','ACD','BE0748754299','054/299868','047/953449','0838/976948','info@ACD.be','http://www.ACD.be','P','A','Nl','Eur','30','','','',1),('1216','Sotec','BE049594119','042/376072','068/551660','0744/945256','info@Sotec.be','http://www.Sotec.be','P','Part','Nl','Eur','30','','','',0),('1217','Dethier','BE0319080955','055/605585','09/559492','0697/101258','info@Dethier.be','http://www.Dethier.be','C','B','Nl','Eur','30','','','',0),('1218','Aendekerk','BE0859330699','078/1073741','046/919213','0726/248071','info@Aendekerk.be','http://www.Aendekerk.be','P','B','Nl','Eur','30','','','',0),('1219','Axor','BE0817527999','040/746527','066/1095103','0871/351504','info@Axor.be','http://www.Axor.be','P','D','Nl','Eur','30','','','',0),('1220','Aendekerk','BE0942200890','033/332997','019/869596','0816/398693','info@Aendekerk.be','http://www.Aendekerk.be','P','B','Nl','Eur','30','','','',0),('1221','Cladding','BE0705404190','097/550501','078/149095','0665/983980','info@Cladding.be','http://www.Cladding.be','P','Land','Nl','Eur','30','','','',1),('1222','Dethier','BE0298867958','051/136770','015/372920','0619/509382','info@Dethier.be','http://www.Dethier.be','P','Indu','Nl','Eur','30','','','',1),('1223','Siersteenfabriek','BE0917108544','084/699781','025/811022','0507/937884','info@Siersteenfabriek.be','http://www.Siersteenfabriek.be','P','B','Nl','Eur','30','','','',1),('1224','Franckaerts','BE0398851907','058/138460','084/491920','0785/1025572','info@Franckaerts.be','http://www.Franckaerts.be','S','Veeh','Nl','Eur','30','','','',1),('1225','Intermetal','BE0409869936','035/333055','032/1074350','0556/643728','info@Intermetal.be','http://www.Intermetal.be','C','Indu','Nl','Eur','30','','','',1),('1226','Aendekerk','BE077953453','095/920556','061/143522','0714/1006019','info@Aendekerk.be','http://www.Aendekerk.be','C','Indu','Nl','Eur','30','','','',1),('1227','Langens','BE0431515980','093/349981','060/173705','0547/1057194','info@Langens.be','http://www.Langens.be','C','Land','Nl','Eur','15','','','',1),('1228','Reko','BE0735021288','085/846134','083/1053380','0799/817043','info@Reko.be','http://www.Reko.be','C','Indu','Nl','Eur','30','','','',1),('1229','Dethier','BE0997637723','018/468955','055/533536','0454/328598','info@Dethier.be','http://www.Dethier.be','C','A','Nl','Eur','30','','','',0),('1230','M.E. Construct','BE0934744923','04/880354','046/884751','0534/160523','info@M.E. Construct.be','http://www.M.E. Construct.be','P','A','Nl','Eur','30','','','',0),('1231','M.E. Construct','BE0220843565','0100/150637','072/499417','0479/119257','info@M.E. Construct.be','http://www.M.E. Construct.be','P','A','Nl','Eur','30','','','',0),('1232','Eddy Jehoul','BE0930681711','036/847336','090/284895','0826/902105','info@Eddy Jehoul.be','http://www.Eddy Jehoul.be','P','Indu','Nl','Eur','30','','','',1),('1233','Stassen','BE0706950499','020/417486','081/171181','0730/635516','info@Stassen.be','http://www.Stassen.be','P','B','Nl','Eur','30','','','',0),('1238','Edibo','BE0809133517','045/854837','0518/681870','020/113714','info@Edibo.be','http://www.Edibo.be','P','Indu','Nl','Eur','30','','','',0),('1239','Edibo','BE0744236907','045/854837','0518/681870','020/113714','info@Edibo.be','http://www.Edibo.be','C','Indu','Nl','Eur','30','','','',0),('1240','Iptor nv','BE0821695116','01478520','123654789','02589630','info@iptor.com','http://www.iptor.com','P','Indu','Nl','Eur','30','','','',0),('1241','Paesen','BE0123456789','+3216227147','','+32495369305','mpaesen@gmail.com','','S','Indu','Nl','Eur','30','','','',1),('1242','Caers','BE0147852369','','','','','','S','Indu','Nl','Eur','30','','','',1),('1243','Caers','BE0147852369','','','','','','S','Indu','Nl','Eur','30','','','',0),('1244','Caers','BE0147852369','','','','','','S','Indu','Nl','Eur','30','','','',0),('1245','Caers','BE0147852369','','','','','','S','Indu','Nl','Eur','30','','','',0),('1246','Caers','BE0147852369','','','','','','S','Indu','Nl','Eur','30','','','',0),('1247','Caers','BE0147852369','','','+32495369319','','','S','Indu','Nl','Eur','30','','','',0),('1248','Parondo','BE0369852147','+3227239111','+32495369332','','','','P','Indu','Nl','Eur','30','','','',0),('1249','Mafranckx','','87468864','5545654','45454456','info@mafranckx.be','','P','Indu','Nl','Eur','30','','','',0),('1250','Buteo','BE0842679679','','','+32495369305','mpaesen@gmail.com','www.buteo.be','S','Indu','Nl','Eur','15','','','',1),('1252','GROEPT','BE0419169365','+3216 30 10 30','','+3216 30 10 40','groept@groept.be','http://www.groept.be/www/','H','Land','Nl','Eur','15','Groep T is een innovatieve en internationaal georiënteerde hogeschool','','',1);
/*!40000 ALTER TABLE `customer` ENABLE KEYS */;
UNLOCK TABLES;

--
-- Table structure for table `product`
--

DROP TABLE IF EXISTS `product`;
/*!40101 SET @saved_cs_client     = @@character_set_client */;
/*!40101 SET character_set_client = utf8 */;
CREATE TABLE `product` (
  `idProd` char(15) NOT NULL COMMENT 'Product ID',
  `ProdCode` char(15) NOT NULL COMMENT 'Unique product code',
  `ProdDesc` char(50) DEFAULT NULL COMMENT 'Product Default description',
  `ProdCat` char(5) NOT NULL COMMENT 'Product Category \nValues are pre-defined in Code tables',
  `ProdType` char(5) NOT NULL COMMENT 'Product Type. Values are pre-defined in the code tables.',
  `Active` tinyint(1) NOT NULL COMMENT 'Active (T/F)',
  PRIMARY KEY (`idProd`),
  UNIQUE KEY `ProdCode_UNIQUE` (`ProdCode`)
) ENGINE=InnoDB DEFAULT CHARSET=latin1 COMMENT='Contains general product information without Pricing & Stock';
/*!40101 SET character_set_client = @saved_cs_client */;

--
-- Dumping data for table `product`
--

LOCK TABLES `product` WRITE;
/*!40000 ALTER TABLE `product` DISABLE KEYS */;
INSERT INTO `product` VALUES ('269','Prod270','Java','B','M',1),('271','Prod272','C#','A','M',1),('273','Prod274','DBMS','B','M',1),('281','Prod282','Systeem analyse','A','M',1),('367','Prod368','Business Intelligence','A','M',1),('401','Prod402','Trends in ICT','B','M',1),('438','Ned','Nederlands','E','W',1),('439','Eng','Engels','E','W',1),('440','Spa','Spaans (Zuid-amerika)','G','W',1);
/*!40000 ALTER TABLE `product` ENABLE KEYS */;
UNLOCK TABLES;

--
-- Table structure for table `codedetail`
--

DROP TABLE IF EXISTS `codedetail`;
/*!40101 SET @saved_cs_client     = @@character_set_client */;
/*!40101 SET character_set_client = utf8 */;
CREATE TABLE `codedetail` (
  `idCode` char(3) NOT NULL COMMENT 'Code id',
  `CodeDet` char(9) NOT NULL COMMENT 'Detail code. For all the codes at least one code detail must exist.',
  `CodeDesc` char(30) NOT NULL COMMENT 'Description of a code detail',
  `Active` tinyint(1) NOT NULL COMMENT 'Active (T/F)',
  PRIMARY KEY (`idCode`,`CodeDet`),
  KEY `fk_CodeDetail_CodeHeader1` (`idCode`),
  CONSTRAINT `fk_CodeDetail_CodeHeader1` FOREIGN KEY (`idCode`) REFERENCES `codeheader` (`idCode`) ON DELETE CASCADE
) ENGINE=InnoDB DEFAULT CHARSET=latin1;
/*!40101 SET character_set_client = @saved_cs_client */;

--
-- Dumping data for table `codedetail`
--

LOCK TABLES `codedetail` WRITE;
/*!40000 ALTER TABLE `codedetail` DISABLE KEYS */;
INSERT INTO `codedetail` VALUES ('Atp','D','Lever adres',1),('Atp','I','Facturatie adres',1),('Cct','Indu','Industrieel',1),('Cct','Land','Onderwijs',1),('Cct','Part','Particulier',1),('Cct','Veeh','Veehouder',0),('Cnt','Bel','Belgie',1),('Cnt','Dui','Duitsland',1),('Cnt','Esp','Spanje',0),('Cnt','Fra','Frankrijk',1),('Cnt','Ita','Italië',0),('Cnt','Ned','Nederland',1),('Cnt','Pol','Polen',0),('Cnt','Tsc','Tsechië',0),('Ctp','C','Klant',1),('Ctp','H','Hoofdzetel',1),('Ctp','P','Prospect',1),('Ctp','S','Leverancier',1),('Cur','Chf','Zwitserse frank',0),('Cur','Eur','Euro',1),('Cur','Gbp','Britse pond',0),('Cur','Sek','Zweetse kroon',0),('Cur','Usd','US dollar',0),('Ist','C','Betaald',1),('Ist','O','Open',1),('Ist','P','Afgedrukt',1),('Itp','C','Credit nota',1),('Itp','I',' Factuur',1),('Lng','Du','Duits',1),('Lng','En','Engels',1),('Lng','Fr','Frans',1),('Lng','Nl',' Nederlands',1),('Nbr','Add','Address',1),('Nbr','Cnt','Contact',1),('Nbr','Crn','Credit Nota',1),('Nbr','Cus','Customer',1),('Nbr','Inv','Invoice',1),('Nbr','Nbr','Number',1),('Nbr','Prc','Price',1),('Nbr','Prd','Product',1),('Nbr','Qte','Quote',1),('Pay','0','Contant',1),('Pay','15','15 factuur datum',1),('Pay','30','30 Dagen einde maand',1),('Pay','60','60 Dagen einde maand',1),('Pay','90','90 Dagen einde maand',1),('Pct','A','Boekhouden',1),('Pct','B','Informatica',1),('Pct','C','Telecommunicatie',1),('Pct','D','Fiscaliteit',1),('Pct','E','EMEA',1),('Pct','F','SWAP',1),('Pct','G','AMER',1),('Pre','Jhr.','Jongeheer',1),('Pre','Juf.','Juffrouw',1),('Pre','Mr.','Meneer',1),('Pre','Mw.','Mevrouw',1),('Ptp','M','Graduaten',1),('Ptp','W','Talen',1),('Qst','C','Bevestigd',1),('Qst','O','Open',1),('Qst','P','Afgedrukt',1),('Qtp','O','Offerte',1),('Qtp','P','Prijsopgave',1),('Tit','','Geen titel',1),('Tit','Adj','Adjunct',1),('Tit','Baron','Baron',0),('Tit','CEO','Bedrijfsleider',1),('Tit','CFO','Financieel directeur',1),('Tit','Dir','Directeur',1),('Tit','Doc','Docent',1),('Tit','Dr','Doctor',1),('Tit','Dr.','Doktor',0),('Tit','ing','Ingenieur',1),('Tit','Prof.','Professor',1),('Tit','Sec','Secretaresse',1),('Ums','dg','Dag',1),('Ums','kg','Kilo',0),('Ums','m','Meter',0),('Ums','md','Maand',1),('Ums','m²','Vierkante Meter',0),('Ums','m³','Kubieke Meter',0),('Ums','stk','Stuk',0),('Ums','ton','Ton',0),('Ums','u','Uurloon',1),('Ums','we','Week-End',1),('Ums','wk','Week',1),('Vat','0','Geen',1),('Vat','21','21%',1),('Vat','6','6%',1);
/*!40000 ALTER TABLE `codedetail` ENABLE KEYS */;
UNLOCK TABLES;

--
-- Table structure for table `freetext`
--

DROP TABLE IF EXISTS `freetext`;
/*!40101 SET @saved_cs_client     = @@character_set_client */;
/*!40101 SET character_set_client = utf8 */;
CREATE TABLE `freetext` (
  `idFreeText` char(15) NOT NULL,
  `FreeLanguage` char(5) NOT NULL,
  `FreeText` varchar(512) NOT NULL,
  PRIMARY KEY (`idFreeText`)
) ENGINE=InnoDB DEFAULT CHARSET=latin1;
/*!40101 SET character_set_client = @saved_cs_client */;

--
-- Dumping data for table `freetext`
--

LOCK TABLES `freetext` WRITE;
/*!40000 ALTER TABLE `freetext` DISABLE KEYS */;
/*!40000 ALTER TABLE `freetext` ENABLE KEYS */;
UNLOCK TABLES;

--
-- Table structure for table `quote`
--

DROP TABLE IF EXISTS `quote`;
/*!40101 SET @saved_cs_client     = @@character_set_client */;
/*!40101 SET character_set_client = utf8 */;
CREATE TABLE `quote` (
  `idQuote` char(15) NOT NULL,
  `qtecusid` char(15) DEFAULT NULL COMMENT 'Customer/Prospect id',
  `qtedlvaddid` char(15) DEFAULT NULL COMMENT 'Delivery address id',
  `qtecrtdate` datetime DEFAULT NULL COMMENT 'Quote creation date',
  `qtecrtuserid` char(15) DEFAULT NULL COMMENT 'Creation user',
  `qteupddate` datetime DEFAULT NULL COMMENT 'Last update date.',
  `qteupduserid` char(15) DEFAULT NULL COMMENT 'Last update user id',
  `qtereqdlvdate` date DEFAULT NULL COMMENT 'Requested delivery date',
  `qteStatus` char(5) NOT NULL COMMENT 'Quote status. Values are predefined in Code Tables. f.e. W(Work in progress), C(confirmed), O(ordered), D(declined)',
  `qteType` char(5) NOT NULL COMMENT 'Quote Type. Values are predefined in Code Tables. f.e. O (price offer), P(Proposal)',
  `qteVat` tinyint(1) NOT NULL COMMENT 'Liable for Vat',
  `qteHeaderComments` varchar(256) DEFAULT NULL COMMENT 'Customer reference',
  `Active` tinyint(1) NOT NULL COMMENT 'Active (T/F)',
  PRIMARY KEY (`idQuote`),
  KEY `FK_QTECustomer` (`qtecusid`),
  KEY `FK_QTEAddress` (`qtedlvaddid`),
  KEY `FK_QTEStatus` (`qteStatus`),
  KEY `FK_QTEType` (`qteType`),
  CONSTRAINT `FK_QTEAddress` FOREIGN KEY (`qtedlvaddid`) REFERENCES `address` (`idAddress`),
  CONSTRAINT `FK_QTECustomer` FOREIGN KEY (`qtecusid`) REFERENCES `customer` (`idCus`)
) ENGINE=InnoDB DEFAULT CHARSET=latin1 COMMENT='This table contains all the Price offers and propositions';
/*!40101 SET character_set_client = @saved_cs_client */;

--
-- Dumping data for table `quote`
--

LOCK TABLES `quote` WRITE;
/*!40000 ALTER TABLE `quote` DISABLE KEYS */;
INSERT INTO `quote` VALUES ('201100662','1163','201','2012-03-04 00:00:00','1','2012-03-04 00:00:00','1','2012-03-04','C','O',1,'',1),('201100663','1163','201','2012-03-04 00:00:00','1','2012-03-04 00:00:00','1','2012-03-04','C','P',1,'',1),('201100664','1163','201','2012-03-04 00:00:00','1','2012-03-04 00:00:00','1','2012-03-04','P','P',1,'',1),('201100665','1163','201','2012-03-04 00:00:00','1','2012-03-04 00:00:00','1','2012-03-04','P','P',1,'',1),('201100666','1163','201','2012-03-04 00:00:00','1','2012-03-04 00:00:00','1','2012-03-04','C','O',1,'',1),('201100667','1163','201','2012-03-04 00:00:00','1','2012-01-08 00:00:00','1','2012-03-04','C','O',1,'',1),('201100668','1163','201','2012-03-04 00:00:00','1','2012-03-04 00:00:00','1','2012-03-04','C','O',1,'',1),('201100669','1163','201','2012-03-04 00:00:00','1','2012-03-04 00:00:00','1','2012-03-04','P','O',1,'',1),('201100670','1163','201','2012-03-04 00:00:00','1','2012-03-04 00:00:00','1','2012-03-04','P','O',1,'',1),('201100671','1163','201','2012-03-04 00:00:00','1','2012-03-04 00:00:00','1','2012-03-04','P','P',1,'',1),('201100672','1164','201','2012-03-04 00:00:00','1','2012-03-04 00:00:00','1','2012-03-04','P','P',1,'',0),('201100673','1164','201','2012-03-04 00:00:00','1','2012-03-04 00:00:00','1','2012-03-04','P','P',1,'',0),('201100674','1164','201','2012-03-04 00:00:00','1','2012-03-04 00:00:00','1','2012-03-04','P','P',1,'',0),('201100675','1164','201','2012-03-04 00:00:00','1','2012-03-04 00:00:00','1','2012-03-04','O','O',1,'',0),('201100676','1164','201','2012-03-04 00:00:00','1','2012-03-04 00:00:00','1','2012-03-04','C','O',1,'',0),('201100677','1164','201','2012-03-04 00:00:00','1','2012-03-04 00:00:00','1','2012-03-04','O','P',1,'',0),('201100678','1164','201','2012-03-04 00:00:00','1','2012-03-04 00:00:00','1','2012-03-04','O','P',1,'',0),('201100679','1164','201','2012-03-04 00:00:00','1','2012-03-04 00:00:00','1','2012-03-04','O','P',1,'',0),('201100680','1164','201','2012-03-04 00:00:00','1','2012-03-04 00:00:00','1','2012-03-04','O','P',1,'',0),('201100681','1164','201','2012-03-04 00:00:00','1','2012-03-04 00:00:00','1','2012-03-04','C','P',1,'',0),('201100682','1165','201','2012-03-04 00:00:00','1','2012-03-04 00:00:00','1','2012-03-04','C','P',1,'',1),('201100683','1165','201','2012-03-04 00:00:00','1','2012-03-04 00:00:00','1','2012-03-04','P','O',1,'',1),('201100684','1165','201','2012-03-04 00:00:00','1','2012-03-04 00:00:00','1','2012-03-04','P','P',1,'',1),('201100685','1165','201','2012-03-04 00:00:00','1','2012-03-04 00:00:00','1','2012-03-04','C','P',1,'',1),('201100686','1165','201','2012-03-04 00:00:00','1','2012-03-04 00:00:00','1','2012-03-04','O','P',1,'',1),('201100687','1165','201','2012-03-04 00:00:00','1','2012-03-04 00:00:00','1','2012-03-04','P','O',1,'',1),('201100688','1165','201','2012-03-04 00:00:00','1','2012-03-04 00:00:00','1','2012-03-04','O','P',1,'',1),('201100689','1165','201','2012-03-04 00:00:00','1','2012-03-04 00:00:00','1','2012-03-04','O','O',1,'',1),('201100690','1165','201','2012-03-04 00:00:00','1','2012-03-04 00:00:00','1','2012-03-04','P','P',1,'',1),('201100691','1165','201','2012-03-04 00:00:00','1','2012-03-04 00:00:00','1','2012-03-04','O','O',1,'',1),('201100692','1166','201','2012-03-04 00:00:00','1','2012-03-04 00:00:00','1','2012-03-04','P','P',1,'',1),('201100693','1166','201','2012-03-04 00:00:00','1','2012-03-04 00:00:00','1','2012-03-04','P','O',1,'',1),('201100694','1166','211','2012-03-04 00:00:00','1','2012-01-08 00:00:00','1','2012-03-04','P','P',1,'',1),('201100695','1166','201','2012-03-04 00:00:00','1','2012-03-04 00:00:00','1','2012-03-04','O','O',1,'',1),('201100696','1166','201','2012-03-04 00:00:00','1','2012-03-04 00:00:00','1','2012-03-04','C','P',1,'',1),('201100697','1166','201','2012-03-04 00:00:00','1','2012-03-04 00:00:00','1','2012-03-04','P','P',1,'',1),('201100698','1166','211','2012-03-04 00:00:00','1','2012-01-08 00:00:00','1','2012-03-04','P','P',1,'uw fax van 2 jan 2012',1),('201100699','1166','201','2012-03-04 00:00:00','1','2012-03-04 00:00:00','1','2012-03-04','P','O',1,'',1),('201100700','1166','201','2012-03-04 00:00:00','1','2012-03-04 00:00:00','1','2012-03-04','C','P',1,'',1),('201100701','1166','201','2012-03-04 00:00:00','1','2012-03-04 00:00:00','1','2012-03-04','P','O',1,'',1),('201100702','1167','212','2012-03-04 00:00:00','1','2012-01-08 00:00:00','1','2012-03-04','P','P',1,'',1),('201100703','1167','201','2012-03-04 00:00:00','1','2012-03-04 00:00:00','1','2012-03-04','C','P',1,'',1),('201100704','1167','201','2012-03-04 00:00:00','1','2012-03-04 00:00:00','1','2012-03-04','C','O',1,'',1),('201100705','1167','201','2012-03-04 00:00:00','1','2012-03-04 00:00:00','1','2012-03-04','P','O',1,'',1),('201100706','1167','201','2012-03-04 00:00:00','1','2012-03-04 00:00:00','1','2012-03-04','C','O',1,'',1),('201100707','1167','212','2012-03-04 00:00:00','1','2012-01-08 00:00:00','1','2012-03-04','P','P',1,'',1),('201100708','1167','201','2012-03-04 00:00:00','1','2012-03-04 00:00:00','1','2012-03-04','P','O',1,'',1),('201100709','1167','201','2012-03-04 00:00:00','1','2012-03-04 00:00:00','1','2012-03-04','C','O',1,'',1),('201100710','1167','212','2012-03-04 00:00:00','1','2012-01-02 00:00:00','1','2012-03-04','C','P',1,'',1),('201100711','1167','212','2012-03-04 00:00:00','1','2012-01-07 00:00:00','1','2012-03-04','C','O',1,'',1),('201100712','1168','201','2012-03-04 00:00:00','1','2012-03-04 00:00:00','1','2012-03-04','O','P',1,'',0),('201100713','1168','201','2012-03-04 00:00:00','1','2012-03-04 00:00:00','1','2012-03-04','P','O',1,'',0),('201100714','1168','201','2012-03-04 00:00:00','1','2012-03-04 00:00:00','1','2012-03-04','O','O',1,'',0),('201100715','1168','201','2012-03-04 00:00:00','1','2012-03-04 00:00:00','1','2012-03-04','C','P',1,'',0),('201100716','1168','201','2012-03-04 00:00:00','1','2012-03-04 00:00:00','1','2012-03-04','C','O',1,'',0),('201100717','1168','201','2012-03-04 00:00:00','1','2012-03-04 00:00:00','1','2012-03-04','C','O',1,'',0),('201100718','1168','201','2012-03-04 00:00:00','1','2012-03-04 00:00:00','1','2012-03-04','O','P',1,'',0),('201100719','1168','201','2012-03-04 00:00:00','1','2012-03-04 00:00:00','1','2012-03-04','P','P',1,'',0),('201100720','1168','201','2012-03-04 00:00:00','1','2012-03-04 00:00:00','1','2012-03-04','P','P',1,'',0),('201100721','1168','201','2012-03-04 00:00:00','1','2012-03-04 00:00:00','1','2012-03-04','O','O',1,'',0),('201100722','1169','218','2012-03-04 00:00:00','1','2012-01-29 00:00:00','1','2012-03-04','P','P',1,'',1),('201100723','1169','220','2012-03-04 00:00:00','1','2012-01-08 00:00:00','1','2012-03-04','P','P',1,'',1),('201100724','1169','220','2012-03-04 00:00:00','1','2012-01-23 00:00:00','1','2012-03-04','P','O',1,'',1),('201100725','1169','218','2012-03-04 00:00:00','1','2012-01-23 00:00:00','1','2012-03-04','P','O',1,'',1),('201100726','1169','201','2012-03-04 00:00:00','1','2012-03-04 00:00:00','1','2012-03-04','P','O',1,'',1),('201100727','1169','201','2012-03-04 00:00:00','1','2012-03-04 00:00:00','1','2012-03-04','C','O',1,'',1),('201100728','1169','220','2012-03-04 00:00:00','1','2012-01-29 00:00:00','1','2012-03-04','P','O',1,'',1),('201100729','1169','201','2012-03-04 00:00:00','1','2012-03-04 00:00:00','1','2012-03-04','C','P',1,'',1),('201100730','1169','220','2012-03-04 00:00:00','1','2012-01-08 00:00:00','1','2012-03-04','C','P',1,'',1),('201100731','1169','201','2012-03-04 00:00:00','1','2012-03-04 00:00:00','1','2012-03-04','C','P',1,'',1),('201100732','1170','201','2012-03-04 00:00:00','1','2012-03-04 00:00:00','1','2012-03-04','P','O',1,'',0),('201100733','1170','201','2012-03-04 00:00:00','1','2012-03-04 00:00:00','1','2012-03-04','C','O',1,'',0),('201100734','1170','201','2012-03-04 00:00:00','1','2012-03-04 00:00:00','1','2012-03-04','O','O',1,'',0),('201100735','1170','201','2012-03-04 00:00:00','1','2012-03-04 00:00:00','1','2012-03-04','P','P',1,'',0),('201100736','1170','201','2012-03-04 00:00:00','1','2012-03-04 00:00:00','1','2012-03-04','C','O',1,'',0),('201100737','1170','201','2012-03-04 00:00:00','1','2012-03-04 00:00:00','1','2012-03-04','C','O',1,'',0),('201100738','1170','201','2012-03-04 00:00:00','1','2012-03-04 00:00:00','1','2012-03-04','P','P',1,'',0),('201100739','1170','201','2012-03-04 00:00:00','1','2012-03-04 00:00:00','1','2012-03-04','C','O',1,'',0),('201100740','1170','201','2012-03-04 00:00:00','1','2012-03-04 00:00:00','1','2012-03-04','O','O',1,'',0),('201100741','1170','201','2012-03-04 00:00:00','1','2012-03-04 00:00:00','1','2012-03-04','O','P',1,'',0),('201100742','1171','201','2012-03-04 00:00:00','1','2012-03-04 00:00:00','1','2012-03-04','P','O',1,'',1),('201100743','1171','201','2012-03-04 00:00:00','1','2012-03-04 00:00:00','1','2012-03-04','C','P',1,'',1),('201100744','1171','201','2012-03-04 00:00:00','1','2012-03-04 00:00:00','1','2012-03-04','P','P',1,'',1),('201100745','1171','201','2012-03-04 00:00:00','1','2012-03-04 00:00:00','1','2012-03-04','P','O',1,'',1),('201100746','1171','201','2012-03-04 00:00:00','1','2012-03-04 00:00:00','1','2012-03-04','P','P',1,'',1),('201100747','1171','201','2012-03-04 00:00:00','1','2012-03-04 00:00:00','1','2012-03-04','O','O',1,'',1),('201100748','1171','201','2012-03-04 00:00:00','1','2012-03-04 00:00:00','1','2012-03-04','C','P',1,'',1),('201100749','1171','201','2012-03-04 00:00:00','1','2012-03-04 00:00:00','1','2012-03-04','O','O',1,'',1),('201100750','1171','201','2012-03-04 00:00:00','1','2012-03-04 00:00:00','1','2012-03-04','C','P',1,'',1),('201100751','1171','201','2012-03-04 00:00:00','1','2012-03-04 00:00:00','1','2012-03-04','C','P',1,'',1),('201100752','1172','201','2012-03-04 00:00:00','1','2012-03-04 00:00:00','1','2012-03-04','C','O',1,'',1),('201100753','1172','201','2012-03-04 00:00:00','1','2012-03-04 00:00:00','1','2012-03-04','O','O',1,'',1),('201100754','1172','201','2012-03-04 00:00:00','1','2012-03-04 00:00:00','1','2012-03-04','C','O',1,'',1),('201100755','1172','201','2012-03-04 00:00:00','1','2012-03-04 00:00:00','1','2012-03-04','P','P',1,'',1),('201100756','1172','201','2012-03-04 00:00:00','1','2012-03-04 00:00:00','1','2012-03-04','P','O',1,'',1),('201100757','1172','201','2012-03-04 00:00:00','1','2012-03-04 00:00:00','1','2012-03-04','O','O',1,'',0),('201100758','1172','201','2012-03-04 00:00:00','1','2012-03-04 00:00:00','1','2012-03-04','P','P',1,'',1),('201100759','1172','229','2012-03-04 00:00:00','1','2012-01-03 00:00:00','1','2012-03-04','O','O',1,'',0),('201100760','1172','201','2012-03-04 00:00:00','1','2012-03-04 00:00:00','1','2012-03-04','P','P',1,'',1),('201100761','1172','228','2012-03-04 00:00:00','1','2012-01-03 00:00:00','1','2012-03-04','O','O',1,'',1),('201100763','1202','245','2012-03-04 00:00:00','1','2012-03-04 00:00:00','1','2012-03-04','P','O',1,'',0),('201100764','1203','246','2012-03-04 00:00:00','1','2012-03-04 00:00:00','1','2012-03-04','O','O',1,'',0),('201100765','1204','247','2012-03-04 00:00:00','1','2012-03-04 00:00:00','1','2012-03-04','P','O',1,'',0),('201100766','1205','248','2012-03-04 00:00:00','1','2012-03-04 00:00:00','1','2012-03-04','O','O',1,'',0),('201100767','1206','249','2012-03-04 00:00:00','1','2012-03-04 00:00:00','1','2012-03-04','O','P',1,'',0),('201100768','1207','250','2012-03-04 00:00:00','1','2012-03-04 00:00:00','1','2012-03-04','C','P',1,'',0),('201100769','1224','286','2011-12-06 00:00:00','1','2011-12-06 00:00:00','1','2011-12-06','C','O',1,'',1),('201100770','1224','286','2011-12-06 00:00:00','1','2011-12-06 00:00:00','1','2011-12-06','P','O',1,'',1),('201100771','1224','286','2011-12-06 00:00:00','1','2011-12-06 00:00:00','1','2011-12-06','P','O',1,'',1),('201100772','1224','286','2011-12-06 00:00:00','1','2011-12-06 00:00:00','1','2011-12-06','P','P',1,'',1),('201100773','1224','286','2011-12-06 00:00:00','1','2012-01-07 00:00:00','1','2012-07-18','O','P',1,'',1),('201100774','1224','286','2011-12-06 00:00:00','1','2011-12-06 00:00:00','1','2011-12-06','P','O',1,'',1),('201100775','1224','286','2011-12-06 00:00:00','1','2012-01-02 00:00:00','1','2011-12-06','C','P',1,'',1),('201100776','1224','286','2011-12-06 00:00:00','1','2011-12-29 00:00:00','1','2012-01-31','O','P',1,'',1),('201100777','1224','286','2011-12-06 00:00:00','1','2011-12-06 00:00:00','1','2011-12-06','C','P',1,'',1),('201100778','1224','286','2011-12-06 00:00:00','1','2011-12-06 00:00:00','1','2011-12-06','C','P',1,'',1),('201100779','1225','286','2011-12-06 00:00:00','1','2011-12-06 00:00:00','1','2011-12-06','P','O',1,'',1),('201100780','1225','286','2011-12-06 00:00:00','1','2011-12-06 00:00:00','1','2011-12-06','P','P',1,'',1),('201100781','1225','286','2011-12-06 00:00:00','1','2011-12-06 00:00:00','1','2011-12-06','C','O',1,'',0),('201100782','1225','288','3911-12-06 00:00:00','1','2011-12-29 00:00:00','1','2012-01-31','O','O',1,'',0),('201100783','1225','290','2011-12-06 00:00:00','1','2011-12-30 00:00:00','1','2011-12-31','C','O',1,'',1),('201100784','1225','286','2011-12-06 00:00:00','1','2011-12-06 00:00:00','1','2011-12-06','C','P',1,'',1),('201100785','1225','286','2011-12-06 00:00:00','1','2011-12-06 00:00:00','1','2011-12-06','P','P',1,'',1),('201100786','1225','289','2011-12-06 00:00:00','1','2012-01-07 00:00:00','1','2012-01-31','O','O',1,'Vlug',1),('201100787','1225','286','2011-12-06 00:00:00','1','2011-12-06 00:00:00','1','2011-12-06','C','P',1,'',1),('201100788','1225','290','2011-12-06 00:00:00','1','2011-12-30 00:00:00','1','2012-03-21','C','P',1,'',1),('201100789','1226','291','2011-12-06 00:00:00','1','2012-01-08 00:00:00','1','2012-03-31','C','P',1,'',1),('201100790','1226','286','2011-12-06 00:00:00','1','2011-12-06 00:00:00','1','2011-12-06','C','P',1,'',0),('201100791','1226','291','2011-12-06 00:00:00','1','2012-01-25 00:00:00','1','2012-01-31','P','O',1,'dit is een test',1),('201100792','1226','292','2011-12-06 00:00:00','1','2012-01-23 00:00:00','1','2012-02-05','P','O',1,'',1),('201100793','1226','291','1970-01-01 00:00:00','1','2012-01-08 00:00:00','1','2012-05-29','P','O',1,'test',1),('201100794','1226','292','2011-12-06 00:00:00','1','2012-04-15 00:00:00','1','2012-04-30','P','O',1,'dit is een test\nen nu gaat het lukken',1),('201100795','1226','286','2011-12-06 00:00:00','1','2011-12-06 00:00:00','1','2011-12-06','C','P',1,'',1),('201100796','1226','291','2011-12-06 00:00:00','1','2012-01-08 00:00:00','1','2012-01-31','C','P',1,'',1),('201100797','1226','286','2011-12-06 00:00:00','1','2011-12-06 00:00:00','1','2011-12-06','C','P',1,'',1),('201100798','1226','286','2011-12-06 00:00:00','1','2011-12-06 00:00:00','1','2011-12-06','C','P',1,'',1),('201100799','1227','286','2011-12-06 00:00:00','1','2011-12-06 00:00:00','1','2011-12-06','O','P',1,'',0),('201100800','1227','286','2011-12-06 00:00:00','1','2011-12-06 00:00:00','1','2011-12-06','C','O',1,'',1),('201100801','1227','286','2011-12-06 00:00:00','1','2011-12-06 00:00:00','1','2011-12-06','P','P',1,'',1),('201100802','1227','295','2011-12-06 00:00:00','1','2012-01-08 00:00:00','1','2012-02-21','P','O',1,'',1),('201100803','1227','286','2011-12-06 00:00:00','1','2011-12-06 00:00:00','1','2011-12-06','C','O',1,'',1),('201100804','1227','286','2011-12-06 00:00:00','1','2011-12-06 00:00:00','1','2011-12-06','P','O',1,'',1),('201100805','1227','286','2011-12-06 00:00:00','1','2011-12-06 00:00:00','1','2011-12-06','O','P',1,'',1),('201100806','1227','294','1924-10-10 00:00:00','1','2011-12-29 00:00:00','1','2011-12-29','O','P',1,'',1),('201100807','1227','294','2011-12-06 00:00:00','1','2012-01-02 00:00:00','1','2011-12-29','P','O',1,'',1),('201100808','1227','295','2011-12-06 00:00:00','1','2011-12-29 00:00:00','1','2011-12-29','O','P',1,'',1),('201100809','1228','286','2011-12-06 00:00:00','1','2011-12-06 00:00:00','1','2011-12-06','P','O',1,'',1),('201100810','1228','286','2011-12-06 00:00:00','1','2011-12-06 00:00:00','1','2011-12-06','O','P',1,'',1),('201100811','1228','286','2011-12-06 00:00:00','1','2011-12-06 00:00:00','1','2011-12-06','C','P',1,'',1),('201100812','1228','286','2011-12-06 00:00:00','1','2011-12-06 00:00:00','1','2011-12-06','C','O',1,'',1),('201100813','1228','297','2011-12-06 00:00:00','1','2011-12-29 00:00:00','1','2011-12-29','O','O',1,'',1),('201100814','1228','286','2011-12-06 00:00:00','1','2011-12-06 00:00:00','1','2011-12-06','P','O',1,'',1),('201100815','1228','286','2011-12-06 00:00:00','1','2011-12-06 00:00:00','1','2011-12-06','P','O',1,'',1),('201100816','1228','286','2011-12-06 00:00:00','1','2011-12-06 00:00:00','1','2011-12-06','P','P',1,'',1),('201100817','1228','286','2011-12-06 00:00:00','1','2011-12-06 00:00:00','1','2011-12-06','C','P',1,'',1),('201100818','1228','286','2011-12-06 00:00:00','1','2011-12-06 00:00:00','1','2011-12-06','C','O',1,'',1),('201100819','1229','286','2011-12-06 00:00:00','1','2011-12-06 00:00:00','1','2011-12-06','P','P',1,'',0),('201100820','1229','301','2011-12-06 00:00:00','1','2011-12-30 00:00:00','1','2012-01-24','C','P',1,'',0),('201100821','1229','301','2011-12-06 00:00:00','1','2011-12-29 00:00:00','1','2011-12-29','O','O',1,'',0),('201100822','1229','286','2011-12-06 00:00:00','1','2011-12-06 00:00:00','1','2011-12-06','P','P',1,'',0),('201100823','1229','286','2011-12-06 00:00:00','1','2011-12-06 00:00:00','1','2011-12-06','C','O',1,'',0),('201100824','1229','286','2011-12-06 00:00:00','1','2011-12-06 00:00:00','1','2011-12-06','C','O',1,'',0),('201100825','1229','301','2011-12-06 00:00:00','1','2011-12-29 00:00:00','1','2012-01-18','O','O',1,'',0),('201100826','1229','286','2011-12-06 00:00:00','1','2011-12-06 00:00:00','1','2011-12-06','P','P',1,'',0),('201100827','1229','286','2011-12-06 00:00:00','1','2011-12-06 00:00:00','1','2011-12-06','C','P',1,'',0),('201100828','1229','286','2011-12-06 00:00:00','1','2011-12-06 00:00:00','1','2011-12-06','C','P',1,'',0),('201100829','1230','286','2011-12-06 00:00:00','1','2011-12-06 00:00:00','1','2011-12-06','C','P',1,'',0),('201100830','1230','286','2011-12-06 00:00:00','1','2011-12-06 00:00:00','1','2011-12-06','P','P',1,'',0),('201100831','1230','286','2011-12-06 00:00:00','1','2011-12-06 00:00:00','1','2011-12-06','P','O',1,'',0),('201100832','1230','286','2011-12-06 00:00:00','1','2011-12-06 00:00:00','1','2011-12-06','C','O',1,'',0),('201100833','1230','286','2011-12-06 00:00:00','1','2011-12-06 00:00:00','1','2011-12-06','C','P',1,'',0),('201100834','1230','286','2011-12-06 00:00:00','1','2011-12-06 00:00:00','1','2011-12-06','C','P',1,'',0),('201100835','1230','286','2011-12-06 00:00:00','1','2011-12-06 00:00:00','1','2011-12-06','C','P',1,'',0),('201100836','1230','286','2011-12-06 00:00:00','1','2011-12-06 00:00:00','1','2011-12-06','C','O',1,'',0),('201100837','1230','286','2011-12-06 00:00:00','1','2011-12-06 00:00:00','1','2011-12-06','P','O',1,'',0),('201100838','1230','286','2011-12-06 00:00:00','1','2011-12-06 00:00:00','1','2011-12-06','P','P',1,'',0),('201100839','1231','286','2011-12-06 00:00:00','1','2011-12-06 00:00:00','1','2011-12-06','P','P',1,'',0),('201100840','1231','286','2011-12-06 00:00:00','1','2011-12-06 00:00:00','1','2011-12-06','O','P',1,'',0),('201100841','1231','308','2011-12-06 00:00:00','1','2011-12-29 00:00:00','1','2012-03-27','O','O',1,'',0),('201100842','1231','286','2011-12-06 00:00:00','1','2011-12-06 00:00:00','1','2011-12-06','P','O',1,'',0),('201100843','1231','286','2011-12-06 00:00:00','1','2011-12-06 00:00:00','1','2011-12-06','P','O',1,'',0),('201100844','1231','286','2011-12-06 00:00:00','1','2011-12-06 00:00:00','1','2011-12-06','C','O',1,'',0),('201100845','1231','286','2011-12-06 00:00:00','1','2011-12-06 00:00:00','1','2011-12-06','C','O',1,'',0),('201100846','1231','286','2011-12-06 00:00:00','1','2011-12-06 00:00:00','1','2011-12-06','C','P',1,'',0),('201100847','1231','308','2011-12-06 00:00:00','1','2011-12-29 00:00:00','1','2011-12-29','O','O',1,'',0),('201100848','1231','308','2011-12-06 00:00:00','1','2011-12-29 00:00:00','1','2011-12-29','O','P',1,'',0),('201100849','1232','286','2011-12-06 00:00:00','1','2011-12-06 00:00:00','1','2011-12-06','C','O',1,'',1),('201100850','1232','310','2011-12-06 00:00:00','1','2012-01-08 00:00:00','1','2012-03-29','C','P',1,'',1),('201100851','1232','309','2011-12-06 00:00:00','1','2012-01-08 00:00:00','1','2012-01-25','P','P',1,'',1),('201100852','1232','286','2011-12-06 00:00:00','1','2011-12-06 00:00:00','1','2011-12-06','P','O',1,'',1),('201100853','1232','310','2011-12-06 00:00:00','1','2012-01-08 00:00:00','1','2012-01-31','P','P',1,'',1),('201100854','1232','286','2011-12-06 00:00:00','1','2011-12-06 00:00:00','1','2011-12-06','P','O',1,'',1),('201100855','1232','286','2011-12-06 00:00:00','1','2011-12-06 00:00:00','1','2011-12-06','C','O',1,'',1),('201100856','1232','309','2011-12-06 00:00:00','1','2012-01-08 00:00:00','1','2012-03-27','C','O',1,'',1),('201100857','1232','309','2011-12-06 00:00:00','1','2012-01-08 00:00:00','1','2012-02-29','P','O',1,'',1),('201100858','1232','286','2011-12-06 00:00:00','1','2011-12-06 00:00:00','1','2011-12-06','P','O',1,'',1),('201100859','1233','286','2011-12-06 00:00:00','1','2011-12-06 00:00:00','1','2011-12-06','C','P',1,'',0),('201100860','1233','286','2011-12-06 00:00:00','1','2011-12-06 00:00:00','1','2011-12-06','C','O',1,'',0),('201100861','1233','286','2011-12-06 00:00:00','1','2011-12-06 00:00:00','1','2011-12-06','P','P',1,'',0),('201100862','1233','286','2011-12-06 00:00:00','1','2011-12-06 00:00:00','1','2011-12-06','C','P',1,'',0),('201100863','1233','286','2011-12-06 00:00:00','1','2011-12-06 00:00:00','1','2011-12-06','C','O',1,'',0),('201100864','1233','286','2011-12-06 00:00:00','1','2011-12-06 00:00:00','1','2011-12-06','C','P',1,'',0),('201100865','1233','286','2011-12-06 00:00:00','1','2011-12-06 00:00:00','1','2011-12-06','P','P',1,'',0),('201100866','1233','286','2011-12-06 00:00:00','1','2011-12-06 00:00:00','1','2011-12-06','P','O',1,'',0),('201100867','1233','286','2011-12-06 00:00:00','1','2011-12-06 00:00:00','1','2011-12-06','P','O',1,'',0),('201100868','1233','286','2011-12-06 00:00:00','1','2011-12-06 00:00:00','1','2011-12-06','O','P',1,'',0),('201100869','1163','200','2011-12-30 00:00:00','1','2011-12-30 00:00:00','1','2012-01-26','O','O',1,'',1),('201100870','1227','295','2011-12-30 00:00:00','1','2012-01-02 00:00:00','1','2012-01-18','P','O',1,'',1),('201200002','1179','335','2012-01-03 00:00:00','1','2012-01-03 00:00:00','1','2012-07-23','O','O',1,'test',0),('201200003','1179','335','2012-01-03 00:00:00','1','2012-01-03 00:00:00','1','2012-06-25','O','O',1,'eqsdfqsdfqsdfs qsdf qsdfq',0),('201200004','1179','335','2012-01-03 00:00:00','1','2012-01-03 00:00:00','1','2012-08-27','O','O',1,'qsjdklfqsfkqs,',0),('201200005','1179','335','2012-01-03 00:00:00','1','2012-01-03 00:00:00','1','2012-08-28','C','O',1,'qsdfgqf qsefqs ',1),('201200006','1179','335','2012-01-03 00:00:00','1','2012-01-03 00:00:00','1','2012-07-24','O','O',1,'rtnsert aertet zert zertb  azrzetzet',0),('201200007','1216','263','2012-01-03 00:00:00','1','2012-01-03 00:00:00','1','2012-09-03','O','O',1,'qsdfq qse qzef qsdf ',0),('201200008','1179','335','2012-01-03 00:00:00','1','2012-01-03 00:00:00','1','2012-01-26','O','O',1,'qsdf qsdf ',0),('201200009','1179','335','2012-01-03 00:00:00','1','2012-01-03 00:00:00','1','2012-01-31','P','O',1,'qsd qsd ',0),('201200010','1216','263','2012-01-03 00:00:00','1','2012-01-03 00:00:00','1','2012-11-26','O','O',1,'',1),('201200011','1200','243','2012-01-03 00:00:00','1','2012-01-03 00:00:00','1','2012-06-25','O','O',1,'',1),('201200012','1249','336','2012-01-03 00:00:00','1','2012-01-03 00:00:00','1','2012-01-26','O','O',1,'ddd',0),('201200013','1240','326','2012-01-03 00:00:00','1','2012-01-03 00:00:00','1','2012-10-23','O','O',1,'',0),('201200014','1248','337','2012-01-03 00:00:00','1','2012-01-03 00:00:00','1','2012-04-17','O','O',1,'',0),('201200015','1203','246','2012-01-03 00:00:00','1','2012-01-03 00:00:00','1','2012-07-24','O','O',1,'',0),('201200016','1172','227','2012-01-07 00:00:00','1','2012-01-07 00:00:00','1','2012-03-25','C','O',1,'uw fax van 7 januari 2012',1),('201200017','1163','202','2012-01-07 00:00:00','1','2012-01-07 00:00:00','1','2012-04-23','O','O',1,'uw email van 06 januari 2012',1),('201200018','1163','202','2012-01-07 00:00:00','1','2012-01-07 00:00:00','1','2012-01-17','O','O',1,'uw email van 07 januari 2012',1),('201200019','1166','211','2012-01-08 00:00:00','1','2012-09-23 00:00:00','1','2012-11-11','P','O',1,'jsdfqsdfjqskler',1),('201200020','1163','202','2012-01-08 00:00:00','1','2012-01-08 00:00:00','1','2012-03-04','O','O',1,'',1),('201200021','1225','288','2012-01-19 00:00:00','1','2012-01-19 00:00:00','1','2012-02-22','O','O',1,'jsqlfqflkq',1),('201200022','1197','340','2012-01-29 00:00:00','1','2012-05-01 00:00:00','1','2012-05-30','C','O',1,'',1),('201200023','1204','247','2012-05-01 00:00:00','1','2012-05-01 00:00:00','1','2012-05-01','C','O',1,'test',1),('201200024','1208','334','2012-05-01 00:00:00','1','2012-05-01 00:00:00','1','2012-05-02','C','O',1,'test',1),('201200025','1232','309','2012-05-01 00:00:00','1','2012-05-01 00:00:00','1','2012-05-29','C','O',1,'Prijsvoorstel',1);
/*!40000 ALTER TABLE `quote` ENABLE KEYS */;
UNLOCK TABLES;

--
-- Table structure for table `codeheader`
--

DROP TABLE IF EXISTS `codeheader`;
/*!40101 SET @saved_cs_client     = @@character_set_client */;
/*!40101 SET character_set_client = utf8 */;
CREATE TABLE `codeheader` (
  `idCode` char(3) NOT NULL COMMENT 'Code id',
  `CodeDesc` char(30) NOT NULL COMMENT 'Code Description',
  `CodeLen` decimal(1,0) NOT NULL COMMENT 'Length of the code. From 1 to 5!',
  `Active` tinyint(1) NOT NULL COMMENT 'Active (T/F)',
  PRIMARY KEY (`idCode`)
) ENGINE=InnoDB DEFAULT CHARSET=latin1 COMMENT='Contains all the codes used in whole application';
/*!40101 SET character_set_client = @saved_cs_client */;

--
-- Dumping data for table `codeheader`
--

LOCK TABLES `codeheader` WRITE;
/*!40000 ALTER TABLE `codeheader` DISABLE KEYS */;
INSERT INTO `codeheader` VALUES ('Atp','Address Type',1,1),('Cct','Customer categorie',9,1),('Cnt','Country',3,1),('Ctp','Customer Type',1,1),('Cur','Currency',3,1),('Ist','Invoice Status',1,1),('Itp','Invoice Type',1,1),('Lng','Language',2,1),('Nbr','Number',3,1),('Pay','Payment Conditions',4,1),('Pct','Product Category',3,1),('Pre','Prefix',5,1),('Ptp','Product Type',3,1),('Qst','Quote Status',1,1),('Qtp','Quote Type',1,1),('Tit','Title',9,1),('Ums','Unit of measure',1,1),('Vat','Vat %',3,1),('Zip','Post code',9,1);
/*!40000 ALTER TABLE `codeheader` ENABLE KEYS */;
UNLOCK TABLES;

--
-- Table structure for table `address`
--

DROP TABLE IF EXISTS `address`;
/*!40101 SET @saved_cs_client     = @@character_set_client */;
/*!40101 SET character_set_client = utf8 */;
CREATE TABLE `address` (
  `idAddress` char(15) NOT NULL,
  `AddRef` char(15) NOT NULL COMMENT 'References customer, contact, ...',
  `addstreet` char(30) NOT NULL COMMENT 'Street',
  `addNumber` char(5) NOT NULL COMMENT 'Street number',
  `addbox` char(5) DEFAULT NULL COMMENT 'Post Box',
  `addzip` char(15) NOT NULL COMMENT 'Address Postal code. Values are pre-defined in Code Tables.',
  `addcity` char(20) NOT NULL COMMENT 'City Address',
  `addCountry` char(3) NOT NULL,
  `addtype` char(5) NOT NULL COMMENT 'Address Type. Values are predefined in code tables. f.e. O(order), I(invoice), D(delivery)',
  `active` tinyint(1) NOT NULL COMMENT 'Active (T/F)',
  PRIMARY KEY (`idAddress`),
  KEY `FK_Contact` (`AddRef`),
  KEY `FK_Customer` (`AddRef`),
  KEY `FK_Zip` (`addzip`),
  KEY `FK_AddressType` (`addtype`),
  CONSTRAINT `FK_Customer` FOREIGN KEY (`AddRef`) REFERENCES `customer` (`idCus`)
) ENGINE=InnoDB DEFAULT CHARSET=latin1 COMMENT='Contains all the addresses';
/*!40101 SET character_set_client = @saved_cs_client */;

--
-- Dumping data for table `address`
--

LOCK TABLES `address` WRITE;
/*!40000 ALTER TABLE `address` DISABLE KEYS */;
INSERT INTO `address` VALUES ('200','1163','Tessenstraat','409','5','3500','Hasselt','Bel','D',1),('201','1163','Weg naar genk','650','0','1000','Brussel','Bel','D',1),('202','1163','Weg op bocholt','369','17','3670','Meeuwen','Bel','I',1),('203','1164','Bondgenotenlaan','104','19','3670','Meeuwen','Bel','D',1),('204','1164','Diestesteenweg','62','17','1000','Brussel','Bel','I',1),('205','1164','Weg naar genk','504','1','3670','Meeuwen','Bel','I',1),('206','1165','Diestesteenweg','543','15','1000','Brussel','Bel','D',1),('207','1165','Gemeentestraat','173','17','3670','Meeuwen','Bel','D',1),('208','1165','Weg naar genk','325','12','1000','Brussel','Bel','D',1),('209','1166','Weg op bocholt','383','15','3000','Leuven','Bel','I',1),('210','1166','Brusselsesteenweg','442','19','2000','Antwerpen','Bel','D',0),('211','1166','Hoogstraat','632','4','3960','Gerdingen','Bel','D',1),('212','1167','Hoogstraat','131','11','9000','Gent','Bel','D',1),('213','1167','Tessenstraat','509','b','3600','Genk','Bel','I',1),('214','1167','Weg op bocholt','63','3','3600','Genk','Bel','I',0),('215','1168','Gemeentestraat','358','13','3500','Hasselt','Bel','D',1),('216','1168','Gemeentestraat','642','16','2000','Antwerpen','Bel','D',1),('217','1168','Weg op bocholt','479','11','3500','Hasselt','Bel','D',1),('218','1169','Weg naar genk','613','4','3600','Genk','Bel','D',1),('219','1169','Achter\'t heukske','348','17','3670','Meeuwen','Bel','I',1),('220','1169','Riekskensweg','804','3','3670','Meeuwen','Bel','D',1),('221','1170','Achter\'t heukske','316','0','9000','Gent','Bel','D',1),('222','1170','Weg naar genk','284','0','3600','Genk','Bel','D',1),('223','1170','Achter\'t heukske','496','4','9000','Gent','Bel','D',1),('224','1171','Hoogstraat','192','9','2000','Antwerpen','Bel','I',1),('225','1171','Bondgenotenlaan','541','17','1000','Brussel','Bel','D',1),('226','1171','Gemeentestraat','42','19','9000','Gent','Bel','D',0),('227','1172','Gemeentestraat','157','2','1000','Brussel','Bel','I',1),('228','1172','Diestsestraat','618','0','2000','Antwerpen','Bel','D',1),('229','1172','Mechelsesteenweg','500','15','3500','Hasselt','Bel','D',1),('231','1180','Weg naar genk','984','4','9000','Gent','Bel','I',1),('232','1183','Diestesteenweg','760','3','9000','Gent','Bel','I',1),('243','1200','Dorpstraat','416','18','3960','Bree','Bel','I',1),('245','1202','Bondgenotenlaan','715','9','3960','Bree','Bel','I',1),('246','1203','Brusselsesteenweg','776','12','3500','Hasselt','Bel','I',1),('247','1204','Weg op bree','24','0','3960','Bree','Bel','D',1),('248','1205','Weg op bree','42','17','3000','Leuven','Bel','D',1),('249','1206','Bondgenotenlaan','946','11','2000','Antwerpen','Bel','D',1),('250','1207','Riekskensweg','420','4','3500','Hasselt','Bel','D',1),('251','1208','Hoogstraat','799','1','3670','Meeuwen','Bel','I',1),('252','1209','Weg op bree','558','0','3000','Leuven','Bel','I',1),('253','1210','Hoogstraat','377','4','3500','Hasselt','Bel','I',1),('254','1213','Peerderstraat','365','10','1000','Brussel','Bel','D',1),('255','1213','Dorpstraat','11','11','3600','Genk','Bel','I',1),('256','1213','Meeuwenlaan','885','7','3600','Genk','Bel','I',1),('257','1214','Diestesteenweg','414','9','2000','Antwerpen','Bel','D',1),('258','1214','Diestesteenweg','771','2','9000','Gent','Bel','D',1),('259','1214','Weg op bocholt','481','2','3000','Leuven','Bel','D',1),('260','1215','Hoogstraat','478','0','3670','Meeuwen','Bel','D',1),('261','1215','Diestesteenweg','272','7','2000','Antwerpen','Bel','D',1),('262','1215','Achter\'t heukske','337','8','3500','Hasselt','Bel','D',1),('263','1216','Hoogstraat','828','19','2000','Antwerpen','Bel','I',1),('264','1216','Peerderstraat','291','13','3000','Leuven','Bel','D',1),('265','1216','Riekskensweg','500','19','2000','Antwerpen','Bel','D',1),('266','1217','Brusselsesteenweg','592','6','3000','Leuven','Bel','I',1),('267','1217','Weg naar genk','366','2','3500','Hasselt','Bel','D',1),('268','1217','Dorpstraat','537','15','3960','Bree','Bel','D',1),('269','1218','Diestsestraat','704','9','9000','Gent','Bel','D',1),('270','1218','Weg op bocholt','216','13','3500','Hasselt','Bel','D',1),('271','1218','Diestsestraat','543','11','3670','Meeuwen','Bel','I',1),('272','1219','Mechelsesteenweg','452','16','3600','Genk','Bel','D',1),('273','1219','Weg op bocholt','988','14','3600','Genk','Bel','D',1),('274','1219','Weg naar genk','482','13','3500','Hasselt','Bel','D',1),('275','1220','Weg op bocholt','820','8','3000','Leuven','Bel','D',1),('276','1220','Weg op bree','180','5','3960','Bree','Bel','D',1),('277','1220','Bondgenotenlaan','560','17','3500','Hasselt','Bel','D',1),('278','1221','Brusselsesteenweg','573','19','2000','Antwerpen','Bel','D',1),('279','1221','Diestsestraat','461','7','3500','Hasselt','Bel','I',1),('280','1221','Bondgenotenlaan','622','6','3670','Meeuwen','Bel','D',1),('281','1222','Weg op bree','984','11','9000','Gent','Bel','D',1),('282','1222','Diestsestraat','542','12','3670','Meeuwen','Bel','I',1),('283','1222','Achter\'t heukske','343','11','2000','Antwerpen','Bel','D',1),('284','1223','Achter\'t heukske','404','13','1000','Brussel','Bel','I',1),('285','1224','Tessenstraat','554','3','3000','Leuven','Bel','I',1),('286','1224','Hoogstraat','975','14','3960','Bree','Bel','D',1),('287','1224','Bondgenotenlaan','927','14','1000','Brussel','Bel','D',1),('288','1225','Weg op bocholt','421','1','3600','Genk','Bel','I',1),('289','1225','Weg op bocholt','8','17','1000','Brussel','Bel','D',1),('290','1225','Diestesteenweg','779','4','3000','Leuven','Bel','D',1),('291','1226','Hoogstraat','37','5','2000','Antwerpen','Bel','D',1),('292','1226','Mechelsesteenweg','345','7','1000','Brussel','Bel','D',1),('293','1226','Weg op bree','6','17','3500','Hasselt','Bel','I',1),('294','1227','Weg naar genk','711','18','3600','Genk','Bel','D',1),('295','1227','Meeuwenlaan','293','3','2000','Antwerpen','Bel','D',0),('296','1227','Wolstraat','8','','3690','Bree','Bel','I',1),('297','1228','Dorpstraat','137','3','3500','Hasselt','Bel','D',1),('298','1228','Diestsestraat','225','14','1000','Brussel','Bel','I',1),('299','1228','Weg op bree','5','6','1000','Brussel','Bel','I',1),('300','1229','Bondgenotenlaan','510','18','3600','Genk','Bel','D',1),('301','1229','Achter\'t heukske','490','16','1000','Brussel','Bel','D',1),('302','1229','Meeuwenlaan','16','13','3500','Hasselt','Bel','I',1),('303','1230','Weg op bocholt','128','11','1000','Brussel','Bel','I',1),('304','1230','Diestesteenweg','836','5','1000','Brussel','Bel','D',1),('305','1230','Weg op bree','84','19','3500','Hasselt','Bel','D',1),('306','1231','Weg op bree','144','5','2000','Antwerpen','Bel','I',1),('307','1231','Hoogstraat','893','10','2000','Antwerpen','Bel','I',1),('308','1231','Dorpstraat','365','14','3600','Genk','Bel','D',1),('309','1232','Diestesteenweg','964','17','1000','Brussel','Bel','D',1),('310','1232','Weg naar genk','327','13','3000','Leuven','Bel','D',1),('311','1232','Peerderstraat','228','16','1000','Brussel','Bel','I',1),('312','1233','Tessenstraat','377','1','1000','Brussel','Bel','D',1),('313','1233','Weg op bocholt','549','8','3000','Leuven','Bel','I',1),('314','1233','Weg op bree','664','12','3670','Meeuwen','Bel','D',1),('319','1238','Leuvensesteenweg','643','2','1930','Zaventem','Bel','I',1),('320','1199','Weg op bree','27','2','3670','Meeuwen','Bel','D',1),('321','1178','Tessenstraat','7','2','3000','Leuven','Bel','I',1),('322','1221','Leuvensesteenweg','643','2','1930','Zaventem','Bel','D',1),('323','1228','Steenstraat','25','3','3000','Leuven','Bel','D',1),('324','1240','Leuvensesteenweg','643','2','1930','Zaventem','Bel','I',0),('326','1240','Dorpsstraat','46a','2','1531HN','Wormer','Ned','I',1),('327','1211','Boomgaertstraat','17','1a','3670','Meeuwen','Bel','I',1),('328','1211','Mosselerlaan','381','5','3600','Genk','Bel','D',1),('329','1199','Riekskensstraat','3','','3690','Bree','Bel','I',0),('330','1190','Weg op Hasselt','152','6','3501','Kiewit','Bel','I',1),('331','1196','Hoogstraat','5','','3690','Bree','Bel','I',1),('332','1209','Donkerstraat','27','5','3000','Leuven','Bel','D',1),('333','1204','Weg op bree','27','2','3000','Meeuwen','Bel','I',1),('334','1208','Breërkiezel','35','','3670','Wijshagen','Bel','D',1),('335','1179','PLOEGSTRAAT','2','','2018','Antwerpen','Bel','I',1),('336','1249','CHAUSSEE DE MARCHE','333','','5100','Namur','Bel','I',1),('337','1248','Leuvensesteenweg','643','','1930','Zaventem','Bel','I',1),('338','1250','Tessenstraat','7','2','3000','Leuven','Bel','I',1),('339','1252','Andreas Vesaliusstraat','13','','3000','Leuven','Bel','I',1),('340','1197','Maria Theresiastraat','35','','3000','Leuven','Bel','I',1);
/*!40000 ALTER TABLE `address` ENABLE KEYS */;
UNLOCK TABLES;

--
-- Table structure for table `quotedetail`
--

DROP TABLE IF EXISTS `quotedetail`;
/*!40101 SET @saved_cs_client     = @@character_set_client */;
/*!40101 SET character_set_client = utf8 */;
CREATE TABLE `quotedetail` (
  `idQuote` char(15) NOT NULL,
  `qteDetLine` int(3) NOT NULL COMMENT 'Quote Detail Line number.',
  `qteprodid` char(15) DEFAULT NULL COMMENT 'Quote detail product id',
  `qteQty` decimal(7,2) NOT NULL COMMENT 'Requested Quantity',
  `qtemeasure` char(5) NOT NULL COMMENT 'Unit of measure',
  `qtePrice` decimal(9,2) NOT NULL COMMENT 'Offered price',
  `qteComments` varchar(256) DEFAULT NULL,
  `active` tinyint(1) NOT NULL,
  PRIMARY KEY (`idQuote`,`qteDetLine`),
  KEY `FK_Quote` (`idQuote`),
  KEY `FK_qteProduct` (`qteprodid`),
  KEY `FK_QteUM` (`qtemeasure`),
  CONSTRAINT `FK_qteProduct` FOREIGN KEY (`qteprodid`) REFERENCES `product` (`idProd`),
  CONSTRAINT `FK_Quote` FOREIGN KEY (`idQuote`) REFERENCES `quote` (`idQuote`) ON DELETE CASCADE
) ENGINE=InnoDB DEFAULT CHARSET=latin1 COMMENT='Contains details of price offers and propositions';
/*!40101 SET character_set_client = @saved_cs_client */;

--
-- Dumping data for table `quotedetail`
--

LOCK TABLES `quotedetail` WRITE;
/*!40000 ALTER TABLE `quotedetail` DISABLE KEYS */;
INSERT INTO `quotedetail` VALUES ('201100662',1,'271',138.00,'wk',7.30,'',1),('201100662',2,'271',133.00,'wk',7.30,'',1),('201100662',3,'271',119.00,'u',7.30,'',1),('201100662',4,'271',198.00,'dg',7.30,'',1),('201100662',5,'271',161.00,'u',7.30,'',1),('201100662',6,'271',192.00,'dg',7.30,'',1),('201100662',7,'271',114.00,'dg',7.30,'',1),('201100662',8,'271',138.00,'dg',7.30,'',1),('201100663',9,'271',151.00,'we',7.30,'',1),('201100663',10,'271',183.00,'we',7.30,'',1),('201100663',11,'271',178.00,'md',7.30,'',1),('201100663',12,'271',194.00,'we',7.30,'',1),('201100663',13,'271',181.00,'md',7.30,'',1),('201100663',14,'271',154.00,'md',7.30,'',1),('201100663',15,'271',146.00,'u',7.30,'',1),('201100663',16,'271',190.00,'wk',7.30,'',1),('201100664',17,'271',188.00,'we',7.30,'',1),('201100664',18,'271',161.00,'u',7.30,'',1),('201100664',19,'271',181.00,'u',7.30,'',1),('201100664',20,'271',141.00,'md',7.30,'',1),('201100664',21,'271',192.00,'md',7.30,'',1),('201100664',22,'271',138.00,'we',7.30,'',1),('201100664',23,'271',137.00,'u',7.30,'',1),('201100664',24,'271',108.00,'u',7.30,'',1),('201100665',25,'271',184.00,'u',7.30,'',1),('201100665',26,'271',109.00,'u',7.30,'',1),('201100665',27,'271',113.00,'wk',7.30,'',1),('201100665',28,'271',184.00,'u',7.30,'',1),('201100665',29,'271',114.00,'wk',7.30,'',1),('201100665',30,'271',111.00,'dg',7.30,'',1),('201100665',31,'271',198.00,'dg',7.30,'',1),('201100665',32,'271',105.00,'dg',7.30,'',1),('201100666',33,'271',173.00,'md',7.30,'',1),('201100666',34,'271',129.00,'u',7.30,'',1),('201100666',35,'271',149.00,'md',7.30,'',1),('201100666',36,'271',154.00,'wk',7.30,'',1),('201100666',37,'271',123.00,'we',7.30,'',1),('201100666',38,'271',106.00,'wk',7.30,'',1),('201100666',39,'271',158.00,'u',7.30,'',1),('201100666',40,'271',111.00,'wk',7.30,'',1),('201100667',41,'271',134.00,'dg',730.00,'',1),('201100667',42,'271',168.00,'u',7.30,'',1),('201100667',43,'271',117.00,'we',7.30,'',1),('201100667',44,'271',105.00,'u',7.30,'',1),('201100667',45,'271',183.00,'u',7.30,'',1),('201100667',46,'271',148.00,'u',7.30,'',1),('201100667',47,'271',150.00,'we',7.30,'',1),('201100667',48,'271',195.00,'wk',7.30,'',1),('201100668',49,'271',181.00,'dg',7.30,'',1),('201100668',50,'271',196.00,'dg',7.30,'',1),('201100668',51,'271',175.00,'md',7.30,'',1),('201100668',52,'271',161.00,'wk',7.30,'',1),('201100668',53,'271',145.00,'dg',7.30,'',1),('201100668',54,'271',180.00,'u',7.30,'',1),('201100668',55,'271',138.00,'u',7.30,'',1),('201100668',56,'271',133.00,'md',7.30,'',1),('201100669',57,'271',131.00,'we',7.30,'',1),('201100669',58,'271',191.00,'we',7.30,'',1),('201100669',59,'271',135.00,'wk',7.30,'',1),('201100669',60,'271',152.00,'wk',7.30,'',1),('201100669',61,'271',162.00,'md',7.30,'',1),('201100669',62,'271',146.00,'dg',7.30,'',1),('201100669',63,'271',144.00,'md',7.30,'',1),('201100669',64,'271',187.00,'we',7.30,'',1),('201100670',65,'271',145.00,'u',7.30,'',1),('201100670',66,'271',132.00,'dg',7.30,'',1),('201100670',67,'271',151.00,'u',7.30,'',1),('201100670',68,'271',157.00,'wk',7.30,'',1),('201100670',69,'271',117.00,'md',7.30,'',1),('201100670',70,'271',182.00,'md',7.30,'',1),('201100670',71,'271',109.00,'dg',7.30,'',1),('201100670',72,'271',172.00,'dg',7.30,'',1),('201100671',73,'271',188.00,'we',7.30,'',1),('201100671',74,'271',167.00,'md',7.30,'',1),('201100671',75,'271',144.00,'u',7.30,'',1),('201100671',76,'271',174.00,'md',7.30,'',1),('201100671',77,'271',164.00,'u',7.30,'',1),('201100671',78,'271',200.00,'we',7.30,'',1),('201100671',79,'271',109.00,'md',7.30,'',1),('201100671',80,'271',104.00,'wk',7.30,'',1),('201100672',81,'271',129.00,'u',7.30,'',1),('201100672',82,'271',200.00,'wk',7.30,'',1),('201100672',83,'271',173.00,'wk',7.30,'',1),('201100672',84,'271',138.00,'dg',7.30,'',1),('201100672',85,'271',183.00,'dg',7.30,'',1),('201100672',86,'271',190.00,'we',7.30,'',1),('201100672',87,'271',109.00,'md',7.30,'',1),('201100672',88,'271',149.00,'dg',7.30,'',1),('201100673',89,'271',151.00,'wk',7.30,'',1),('201100673',90,'271',122.00,'md',7.30,'',1),('201100673',91,'271',195.00,'u',7.30,'',1),('201100673',92,'271',132.00,'dg',7.30,'',1),('201100673',93,'271',113.00,'md',7.30,'',1),('201100673',94,'271',125.00,'md',7.30,'',1),('201100673',95,'271',130.00,'we',7.30,'',1),('201100673',96,'271',196.00,'we',7.30,'',1),('201100674',97,'271',180.00,'wk',7.30,'',1),('201100674',98,'271',132.00,'u',7.30,'',1),('201100674',99,'271',138.00,'md',7.30,'',1),('201100674',100,'271',160.00,'u',7.30,'',1),('201100674',101,'271',122.00,'dg',7.30,'',1),('201100674',102,'271',158.00,'dg',7.30,'',1),('201100674',103,'271',132.00,'md',7.30,'',1),('201100674',104,'271',179.00,'md',7.30,'',1),('201100675',105,'271',144.00,'dg',7.30,'',1),('201100675',106,'271',119.00,'wk',7.30,'',1),('201100675',107,'271',160.00,'wk',7.30,'',1),('201100675',108,'271',199.00,'wk',7.30,'',1),('201100675',109,'271',184.00,'wk',7.30,'',1),('201100675',110,'271',177.00,'md',7.30,'',1),('201100675',111,'271',188.00,'wk',7.30,'',1),('201100675',112,'271',104.00,'dg',7.30,'',1),('201100676',113,'271',106.00,'we',7.30,'',1),('201100676',114,'271',163.00,'u',7.30,'',1),('201100676',115,'271',159.00,'we',7.30,'',1),('201100676',116,'271',105.00,'dg',7.30,'',1),('201100676',117,'271',107.00,'dg',7.30,'',1),('201100676',118,'271',166.00,'we',7.30,'',1),('201100676',119,'271',170.00,'md',7.30,'',1),('201100676',120,'271',110.00,'dg',7.30,'',1),('201100677',121,'271',166.00,'dg',7.30,'',1),('201100677',122,'271',154.00,'md',7.30,'',1),('201100677',123,'271',173.00,'we',7.30,'',1),('201100677',124,'271',133.00,'dg',7.30,'',1),('201100677',125,'271',127.00,'we',7.30,'',1),('201100677',126,'271',127.00,'md',7.30,'',1),('201100677',127,'271',191.00,'md',7.30,'',1),('201100677',128,'271',115.00,'we',7.30,'',1),('201100678',129,'271',139.00,'wk',7.30,'',1),('201100678',130,'271',157.00,'wk',7.30,'',1),('201100678',131,'271',114.00,'wk',7.30,'',1),('201100678',132,'271',178.00,'dg',7.30,'',1),('201100678',133,'271',129.00,'we',7.30,'',1),('201100678',134,'271',113.00,'dg',7.30,'',1),('201100678',135,'271',180.00,'we',7.30,'',1),('201100678',136,'271',179.00,'we',7.30,'',1),('201100679',137,'271',124.00,'md',7.30,'',1),('201100679',138,'271',181.00,'u',7.30,'',1),('201100679',139,'271',190.00,'wk',7.30,'',1),('201100679',140,'271',197.00,'u',7.30,'',1),('201100679',141,'271',112.00,'md',7.30,'',1),('201100679',142,'271',127.00,'dg',7.30,'',1),('201100679',143,'271',114.00,'we',7.30,'',1),('201100679',144,'271',127.00,'u',7.30,'',1),('201100680',145,'271',187.00,'md',7.30,'',1),('201100680',146,'271',111.00,'u',7.30,'',1),('201100680',147,'271',159.00,'wk',7.30,'',1),('201100680',148,'271',151.00,'dg',7.30,'',1),('201100680',149,'271',102.00,'wk',7.30,'',1),('201100680',150,'271',142.00,'we',7.30,'',1),('201100680',151,'271',108.00,'dg',7.30,'',1),('201100680',152,'271',142.00,'md',7.30,'',1),('201100681',153,'271',110.00,'wk',7.30,'',1),('201100681',154,'271',102.00,'we',7.30,'',1),('201100681',155,'271',124.00,'dg',7.30,'',1),('201100681',156,'271',122.00,'md',7.30,'',1),('201100681',157,'271',158.00,'wk',7.30,'',1),('201100681',158,'271',158.00,'u',7.30,'',1),('201100681',159,'271',196.00,'wk',7.30,'',1),('201100681',160,'271',148.00,'dg',7.30,'',1),('201100682',161,'271',192.00,'md',7.30,'',1),('201100682',162,'271',146.00,'wk',7.30,'',1),('201100682',163,'271',168.00,'dg',7.30,'',1),('201100682',164,'271',134.00,'we',7.30,'',1),('201100682',165,'271',167.00,'u',7.30,'',1),('201100682',166,'271',162.00,'md',7.30,'',1),('201100682',167,'271',143.00,'md',7.30,'',1),('201100682',168,'271',175.00,'wk',7.30,'',1),('201100683',169,'271',145.00,'dg',7.30,'',1),('201100683',170,'271',194.00,'wk',7.30,'',1),('201100683',171,'271',110.00,'md',7.30,'',1),('201100683',172,'271',146.00,'dg',7.30,'',1),('201100683',173,'271',142.00,'dg',7.30,'',1),('201100683',174,'271',135.00,'u',7.30,'',1),('201100683',175,'271',195.00,'we',7.30,'',1),('201100683',176,'271',177.00,'u',7.30,'',1),('201100684',177,'271',133.00,'dg',7.30,'',1),('201100684',178,'271',117.00,'we',7.30,'',1),('201100684',179,'271',183.00,'we',7.30,'',1),('201100684',180,'271',130.00,'u',7.30,'',1),('201100684',181,'271',152.00,'wk',7.30,'',1),('201100684',182,'271',195.00,'we',7.30,'',1),('201100684',183,'271',184.00,'dg',7.30,'',1),('201100684',184,'271',160.00,'wk',7.30,'',1),('201100685',185,'271',163.00,'we',7.30,'',1),('201100685',186,'271',159.00,'u',7.30,'',1),('201100685',187,'271',121.00,'md',7.30,'',1),('201100685',188,'271',157.00,'md',7.30,'',1),('201100685',189,'271',185.00,'u',7.30,'',1),('201100685',190,'271',126.00,'wk',7.30,'',1),('201100685',191,'271',181.00,'md',7.30,'',1),('201100685',192,'271',150.00,'u',7.30,'',1),('201100686',193,'271',155.00,'u',7.30,'',1),('201100686',194,'271',193.00,'wk',7.30,'',1),('201100686',195,'271',193.00,'we',7.30,'',1),('201100686',196,'271',113.00,'dg',7.30,'',1),('201100686',197,'271',152.00,'u',7.30,'',1),('201100686',198,'271',175.00,'u',7.30,'',1),('201100686',199,'271',150.00,'md',7.30,'',1),('201100686',200,'271',190.00,'md',7.30,'',1),('201100687',201,'271',107.00,'md',7.30,'',1),('201100687',202,'271',127.00,'md',7.30,'',1),('201100687',203,'271',134.00,'we',7.30,'',1),('201100687',204,'271',120.00,'wk',7.30,'',1),('201100687',205,'271',174.00,'u',7.30,'',1),('201100687',206,'271',196.00,'dg',7.30,'',1),('201100687',207,'271',115.00,'dg',7.30,'',1),('201100687',208,'271',150.00,'we',7.30,'',1),('201100688',209,'271',109.00,'dg',7.30,'',1),('201100688',210,'271',184.00,'u',7.30,'',1),('201100688',211,'271',161.00,'dg',7.30,'',1),('201100688',212,'271',138.00,'we',7.30,'',1),('201100688',213,'271',156.00,'dg',7.30,'',1),('201100688',214,'271',166.00,'u',7.30,'',1),('201100688',215,'271',161.00,'dg',7.30,'',1),('201100688',216,'271',164.00,'wk',7.30,'',1),('201100689',217,'271',144.00,'dg',7.30,'',1),('201100689',218,'271',149.00,'dg',7.30,'',1),('201100689',219,'271',122.00,'dg',7.30,'',1),('201100689',220,'271',194.00,'we',7.30,'',1),('201100689',221,'271',172.00,'wk',7.30,'',1),('201100689',222,'271',196.00,'dg',7.30,'',1),('201100689',223,'271',152.00,'u',7.30,'',1),('201100689',224,'271',111.00,'we',7.30,'',1),('201100690',225,'271',124.00,'we',7.30,'',1),('201100690',226,'271',141.00,'u',7.30,'',1),('201100690',227,'271',183.00,'dg',7.30,'',1),('201100690',228,'271',156.00,'wk',7.30,'',1),('201100690',229,'271',108.00,'u',7.30,'',1),('201100690',230,'271',185.00,'dg',7.30,'',1),('201100690',231,'271',166.00,'dg',7.30,'',1),('201100690',232,'271',166.00,'md',7.30,'',1),('201100691',233,'271',136.00,'we',7.30,'',1),('201100691',234,'271',141.00,'md',7.30,'',1),('201100691',235,'271',114.00,'we',7.30,'',1),('201100691',236,'271',141.00,'u',7.30,'',1),('201100691',237,'271',101.00,'wk',7.30,'',1),('201100691',238,'271',150.00,'dg',7.30,'',1),('201100691',239,'271',164.00,'md',7.30,'',1),('201100691',240,'271',169.00,'md',7.30,'',1),('201100692',241,'271',172.00,'md',7.30,'',1),('201100692',242,'271',129.00,'md',7.30,'',1),('201100692',243,'271',136.00,'md',7.30,'',1),('201100692',244,'271',114.00,'u',7.30,'',1),('201100692',245,'271',197.00,'we',7.30,'',1),('201100692',246,'271',137.00,'wk',7.30,'',1),('201100692',247,'271',105.00,'we',7.30,'',1),('201100692',248,'271',132.00,'we',7.30,'',1),('201100693',249,'271',123.00,'dg',7.30,'',1),('201100693',250,'271',192.00,'dg',7.30,'',1),('201100693',251,'271',143.00,'dg',7.30,'',1),('201100693',252,'271',194.00,'dg',7.30,'',1),('201100693',253,'271',123.00,'md',7.30,'',1),('201100693',254,'271',102.00,'dg',7.30,'',1),('201100693',255,'271',177.00,'dg',7.30,'',1),('201100693',256,'271',138.00,'dg',7.30,'',1),('201100694',257,'271',161.00,'u',7.30,'',1),('201100694',258,'271',157.00,'dg',7.30,'',1),('201100694',259,'271',154.00,'md',7.30,'',1),('201100694',260,'271',151.00,'md',7.30,'',1),('201100694',261,'271',111.00,'dg',7.30,'',1),('201100694',262,'271',115.00,'we',7.30,'',1),('201100694',263,'271',127.00,'u',7.30,'',1),('201100694',264,'271',156.00,'dg',7.30,'',1),('201100695',265,'271',102.00,'md',7.30,'',1),('201100695',266,'271',128.00,'we',2.00,'',1),('201100695',267,'271',104.00,'u',7.30,'',1),('201100695',268,'271',133.00,'we',7.30,'',1),('201100695',269,'271',153.00,'wk',7.30,'',1),('201100695',270,'271',146.00,'we',98.00,'',1),('201100695',271,'271',147.00,'we',2.00,'',1),('201100695',272,'271',106.00,'wk',7.30,'',1),('201100696',273,'271',197.00,'u',7.30,'',1),('201100696',274,'271',133.00,'we',7.30,'',1),('201100696',275,'271',150.00,'we',7.30,'',1),('201100696',276,'271',112.00,'wk',7.30,'',1),('201100696',277,'271',196.00,'md',7.30,'',1),('201100696',278,'271',103.00,'wk',7.30,'',1),('201100696',279,'271',198.00,'wk',7.30,'',1),('201100696',280,'271',191.00,'u',7.30,'',1),('201100697',281,'271',101.00,'u',7.30,'',1),('201100697',282,'271',106.00,'dg',7.30,'',1),('201100697',283,'271',152.00,'md',7.30,'',1),('201100697',284,'271',192.00,'dg',7.30,'',1),('201100697',285,'271',161.00,'dg',7.30,'',1),('201100697',286,'271',139.00,'md',7.30,'',1),('201100697',287,'271',149.00,'we',7.30,'',1),('201100697',288,'271',195.00,'dg',7.30,'',1),('201100698',289,'271',190.00,'wk',730.00,'oqdkfgklqdjfgqdjklgjqsdkf',1),('201100698',290,'271',144.00,'we',7.30,'',1),('201100698',291,'271',143.00,'md',7.30,'',1),('201100698',292,'271',168.00,'dg',7.30,'',1),('201100698',293,'271',104.00,'wk',7.30,'',1),('201100698',294,'271',195.00,'md',7.30,'',0),('201100698',295,'271',174.00,'we',7.30,'',1),('201100698',296,'271',149.00,'u',7.30,'',1),('201100699',297,'271',193.00,'we',7.30,'',1),('201100699',298,'271',174.00,'wk',7.30,'',1),('201100699',299,'271',139.00,'md',7.30,'',1),('201100699',300,'271',192.00,'md',7.30,'',1),('201100699',301,'271',162.00,'we',7.30,'',1),('201100699',302,'271',163.00,'md',7.30,'',1),('201100699',303,'271',128.00,'we',7.30,'',1),('201100699',304,'271',121.00,'u',7.30,'',1),('201100700',305,'271',179.00,'we',7.30,'',1),('201100700',306,'271',108.00,'we',7.30,'',1),('201100700',307,'271',192.00,'we',7.30,'',1),('201100700',308,'271',187.00,'md',7.30,'',1),('201100700',309,'271',126.00,'u',7.30,'',1),('201100700',310,'271',114.00,'we',7.30,'',1),('201100700',311,'271',125.00,'we',7.30,'',1),('201100700',312,'271',195.00,'md',7.30,'',1),('201100701',313,'271',198.00,'dg',7.30,'',1),('201100701',314,'271',117.00,'md',7.30,'',1),('201100701',315,'271',162.00,'md',7.30,'',1),('201100701',316,'271',169.00,'wk',7.30,'',1),('201100701',317,'271',199.00,'wk',7.30,'',1),('201100701',318,'271',105.00,'dg',7.30,'',1),('201100701',319,'271',148.00,'u',7.30,'',1),('201100701',320,'271',141.00,'dg',7.30,'',1),('201100702',321,'271',139.00,'we',7.30,'',1),('201100702',322,'271',137.00,'u',7.30,'',1),('201100702',323,'271',128.00,'we',7.30,'',1),('201100702',324,'271',196.00,'dg',7.30,'',1),('201100702',325,'271',137.00,'md',7.30,'',1),('201100702',326,'271',102.00,'md',7.30,'',1),('201100702',327,'271',128.00,'dg',7.30,'',1),('201100702',328,'271',195.00,'we',7.30,'',1),('201100703',329,'271',164.00,'md',7.30,'',1),('201100703',330,'271',195.00,'wk',7.30,'',1),('201100703',331,'271',170.00,'md',7.30,'',1),('201100703',332,'271',151.00,'dg',7.30,'',1),('201100703',333,'271',170.00,'we',7.30,'',1),('201100703',334,'271',152.00,'we',7.30,'',1),('201100703',335,'271',148.00,'wk',7.30,'',1),('201100703',336,'271',187.00,'dg',7.30,'',1),('201100704',337,'271',155.00,'md',7.30,'',1),('201100704',338,'271',110.00,'we',7.30,'',1),('201100704',339,'271',133.00,'dg',7.30,'',1),('201100704',340,'271',157.00,'wk',7.30,'',1),('201100704',341,'271',113.00,'we',7.30,'',1),('201100704',342,'271',107.00,'u',7.30,'',1),('201100704',343,'271',177.00,'we',7.30,'',1),('201100704',344,'271',171.00,'md',7.30,'',1),('201100705',345,'271',119.00,'we',7.30,'',1),('201100705',346,'271',113.00,'we',7.30,'',1),('201100705',347,'271',157.00,'md',7.30,'',1),('201100705',348,'271',190.00,'dg',7.30,'',1),('201100705',349,'271',142.00,'dg',7.30,'',1),('201100705',350,'271',134.00,'md',7.30,'',1),('201100705',351,'271',162.00,'we',7.30,'',1),('201100705',352,'271',118.00,'dg',7.30,'',1),('201100706',353,'271',194.00,'we',7.30,'',1),('201100706',354,'271',140.00,'md',7.30,'',1),('201100706',355,'271',124.00,'we',7.30,'',1),('201100706',356,'271',114.00,'wk',7.30,'',1),('201100706',357,'271',177.00,'u',7.30,'',1),('201100706',358,'271',184.00,'wk',7.30,'',1),('201100706',359,'271',163.00,'md',7.30,'',1),('201100706',360,'271',158.00,'u',7.30,'',1),('201100707',361,'271',146.00,'wk',7.30,'',1),('201100707',362,'271',102.00,'u',7.30,'',1),('201100707',363,'271',123.00,'wk',7.30,'',1),('201100707',364,'271',172.00,'we',7.30,'',1),('201100707',365,'271',165.00,'we',73.00,'',1),('201100707',366,'271',149.00,'we',98.00,'',1),('201100707',367,'271',189.00,'we',73.00,'',1),('201100707',368,'271',135.00,'we',98.00,'',1),('201100708',369,'271',118.00,'dg',7.30,'',1),('201100708',370,'271',183.00,'dg',7.30,'',1),('201100708',371,'271',119.00,'md',7.30,'',1),('201100708',372,'271',191.00,'u',7.30,'',1),('201100708',373,'271',195.00,'wk',7.30,'',1),('201100708',374,'271',105.00,'u',7.30,'',1),('201100708',375,'271',131.00,'wk',7.30,'',1),('201100708',376,'271',177.00,'md',7.30,'',1),('201100709',377,'271',125.00,'dg',7.30,'',1),('201100709',378,'271',196.00,'wk',7.30,'',1),('201100709',379,'271',107.00,'wk',7.30,'',1),('201100709',380,'271',142.00,'dg',7.30,'',1),('201100709',381,'271',177.00,'dg',7.30,'',1),('201100709',382,'271',170.00,'wk',7.30,'',1),('201100709',383,'271',113.00,'u',7.30,'',1),('201100709',384,'271',147.00,'md',7.30,'',1),('201100710',385,'271',200.00,'md',7.30,'',1),('201100710',386,'271',143.00,'md',7.30,'',1),('201100710',387,'271',110.00,'md',7.30,'',1),('201100710',388,'271',169.00,'wk',7.30,'',1),('201100710',389,'271',138.00,'we',7.30,'',1),('201100710',390,'271',115.00,'md',7.30,'',1),('201100710',391,'271',120.00,'dg',7.30,'',1),('201100710',392,'271',166.00,'dg',7.30,'',1),('201100711',393,'271',127.00,'md',7.30,'',1),('201100711',394,'271',128.00,'we',98.00,'',1),('201100711',395,'271',106.00,'u',7.30,'',0),('201100711',396,'271',126.00,'we',2.00,'',1),('201100711',397,'271',160.00,'we',7.30,'',1),('201100711',398,'271',101.00,'wk',7.30,'',1),('201100711',399,'271',102.00,'we',7.30,'',1),('201100711',400,'271',180.00,'dg',7.30,'',0),('201100712',401,'271',150.00,'dg',7.30,'',1),('201100712',402,'271',144.00,'dg',7.30,'',1),('201100712',403,'271',165.00,'we',7.30,'',1),('201100712',404,'271',153.00,'wk',7.30,'',1),('201100712',405,'271',163.00,'u',7.30,'',1),('201100712',406,'271',114.00,'we',7.30,'',1),('201100712',407,'271',135.00,'md',7.30,'',1),('201100712',408,'271',128.00,'md',7.30,'',1),('201100713',409,'271',174.00,'wk',7.30,'',1),('201100713',410,'271',186.00,'dg',7.30,'',1),('201100713',411,'271',124.00,'md',7.30,'',1),('201100713',412,'271',139.00,'wk',7.30,'',1),('201100713',413,'271',192.00,'we',7.30,'',1),('201100713',414,'271',138.00,'md',7.30,'',1),('201100713',415,'271',142.00,'we',7.30,'',1),('201100713',416,'271',169.00,'wk',7.30,'',1),('201100714',417,'271',165.00,'u',7.30,'',1),('201100714',418,'271',184.00,'md',7.30,'',1),('201100714',419,'271',127.00,'md',7.30,'',1),('201100714',420,'271',198.00,'we',7.30,'',1),('201100714',421,'271',189.00,'wk',7.30,'',1),('201100714',422,'271',125.00,'we',7.30,'',1),('201100714',423,'271',114.00,'u',7.30,'',1),('201100714',424,'271',198.00,'u',7.30,'',1),('201100715',425,'271',186.00,'we',7.30,'',1),('201100715',426,'271',195.00,'wk',7.30,'',1),('201100715',427,'271',144.00,'md',7.30,'',1),('201100715',428,'271',102.00,'dg',7.30,'',1),('201100715',429,'271',194.00,'u',7.30,'',1),('201100715',430,'271',161.00,'dg',7.30,'',1),('201100715',431,'271',183.00,'md',7.30,'',1),('201100715',432,'271',172.00,'we',7.30,'',1),('201100716',433,'271',139.00,'md',7.30,'',1),('201100716',434,'271',198.00,'we',7.30,'',1),('201100716',435,'271',195.00,'dg',7.30,'',1),('201100716',436,'271',183.00,'we',7.30,'',1),('201100716',437,'271',168.00,'dg',7.30,'',1),('201100716',438,'271',180.00,'dg',7.30,'',1),('201100716',439,'271',177.00,'dg',7.30,'',1),('201100716',440,'271',131.00,'dg',7.30,'',1),('201100717',441,'271',183.00,'dg',7.30,'',1),('201100717',442,'271',125.00,'u',7.30,'',1),('201100717',443,'271',197.00,'md',7.30,'',1),('201100717',444,'271',123.00,'u',7.30,'',1),('201100717',445,'271',188.00,'wk',7.30,'',1),('201100717',446,'271',149.00,'u',7.30,'',1),('201100717',447,'271',101.00,'dg',7.30,'',1),('201100717',448,'271',195.00,'dg',7.30,'',1),('201100718',449,'271',125.00,'dg',7.30,'',1),('201100718',450,'271',188.00,'dg',7.30,'',1),('201100718',451,'271',197.00,'md',7.30,'',1),('201100718',452,'271',135.00,'md',7.30,'',1),('201100718',453,'271',182.00,'u',7.30,'',1),('201100718',454,'271',163.00,'we',7.30,'',1),('201100718',455,'271',189.00,'md',7.30,'',1),('201100718',456,'271',162.00,'dg',7.30,'',1),('201100719',457,'271',118.00,'wk',7.30,'',1),('201100719',458,'271',138.00,'we',7.30,'',1),('201100719',459,'271',167.00,'wk',7.30,'',1),('201100719',460,'271',198.00,'md',7.30,'',1),('201100719',461,'271',188.00,'we',7.30,'',1),('201100719',462,'271',102.00,'wk',7.30,'',1),('201100719',463,'271',116.00,'we',7.30,'',1),('201100719',464,'271',126.00,'md',7.30,'',1),('201100720',465,'271',118.00,'dg',7.30,'',1),('201100720',466,'271',101.00,'wk',7.30,'',1),('201100720',467,'271',186.00,'md',7.30,'',1),('201100720',468,'271',136.00,'md',7.30,'',1),('201100720',469,'271',110.00,'we',7.30,'',1),('201100720',470,'271',145.00,'we',7.30,'',1),('201100720',471,'271',162.00,'wk',7.30,'',1),('201100720',472,'271',192.00,'md',7.30,'',1),('201100721',473,'271',149.00,'dg',7.30,'',1),('201100721',474,'271',121.00,'we',7.30,'',1),('201100721',475,'271',176.00,'we',7.30,'',1),('201100721',476,'271',140.00,'wk',7.30,'',1),('201100721',477,'271',118.00,'dg',7.30,'',1),('201100721',478,'271',107.00,'wk',7.30,'',1),('201100721',479,'271',197.00,'we',7.30,'',1),('201100721',480,'271',104.00,'u',7.30,'',1),('201100722',481,'271',103.00,'md',7.30,'',1),('201100722',482,'271',152.00,'dg',7.30,'',1),('201100722',483,'271',128.00,'u',7.30,'',1),('201100722',484,'271',179.00,'we',7.30,'',1),('201100722',485,'271',147.00,'we',7.30,'',1),('201100722',486,'271',143.00,'we',7.30,'',1),('201100722',487,'271',168.00,'wk',7.30,'',1),('201100722',488,'271',108.00,'we',7.30,'',1),('201100723',489,'271',191.00,'u',7.30,'',1),('201100723',490,'271',166.00,'we',7.30,'',1),('201100723',491,'271',115.00,'we',7.30,'',1),('201100723',492,'271',154.00,'dg',7.30,'',1),('201100723',493,'271',109.00,'we',7.30,'',1),('201100723',494,'271',195.00,'dg',7.30,'',1),('201100723',495,'271',161.00,'u',7.30,'',1),('201100723',496,'271',178.00,'u',7.30,'',1),('201100724',497,'271',190.00,'dg',7.30,'',1),('201100724',498,'271',141.00,'wk',7.30,'',1),('201100724',499,'271',161.00,'wk',7.30,'',1),('201100724',500,'271',150.00,'wk',7.30,'',1),('201100724',501,'271',178.00,'dg',7.30,'',1),('201100724',502,'271',163.00,'we',7.30,'',1),('201100724',503,'271',165.00,'md',7.30,'',1),('201100724',504,'271',128.00,'wk',7.30,'',1),('201100725',505,'271',187.00,'dg',7.30,'',1),('201100725',506,'271',104.00,'md',7.30,'',1),('201100725',507,'271',136.00,'u',7.30,'',1),('201100725',508,'271',106.00,'md',7.30,'',1),('201100725',509,'271',119.00,'u',7.30,'',1),('201100725',510,'271',153.00,'wk',7.30,'',1),('201100725',511,'271',148.00,'u',7.30,'',1),('201100725',512,'271',139.00,'wk',7.30,'',1),('201100726',513,'271',128.00,'u',7.30,'',1),('201100726',514,'271',102.00,'md',7.30,'',1),('201100726',515,'271',136.00,'u',7.30,'',1),('201100726',516,'271',149.00,'dg',7.30,'',1),('201100726',517,'271',119.00,'we',7.30,'',1),('201100726',518,'271',116.00,'we',7.30,'',1),('201100726',519,'271',137.00,'dg',7.30,'',1),('201100726',520,'271',135.00,'md',7.30,'',1),('201100727',521,'271',104.00,'we',7.30,'',1),('201100727',522,'271',192.00,'u',7.30,'',1),('201100727',523,'271',104.00,'u',7.30,'',1),('201100727',524,'271',154.00,'dg',7.30,'',1),('201100727',525,'271',197.00,'we',7.30,'',1),('201100727',526,'271',111.00,'wk',7.30,'',1),('201100727',527,'271',114.00,'u',7.30,'',1),('201100727',528,'271',115.00,'u',7.30,'',1),('201100728',529,'271',175.00,'u',7.30,'',1),('201100728',530,'271',177.00,'dg',7.30,'',1),('201100728',531,'271',181.00,'we',7.30,'',1),('201100728',532,'271',181.00,'we',7.30,'',1),('201100728',533,'271',196.00,'dg',7.30,'',1),('201100728',534,'271',121.00,'u',7.30,'',1),('201100728',535,'271',101.00,'dg',7.30,'',1),('201100728',536,'271',151.00,'wk',7.30,'',1),('201100729',537,'271',138.00,'wk',7.30,'',1),('201100729',538,'271',120.00,'md',7.30,'',1),('201100729',539,'271',183.00,'wk',7.30,'',1),('201100729',540,'271',144.00,'wk',7.30,'',1),('201100729',541,'271',166.00,'dg',7.30,'',1),('201100729',542,'271',104.00,'dg',7.30,'',1),('201100729',543,'271',192.00,'we',7.30,'',1),('201100729',544,'271',166.00,'wk',7.30,'',1),('201100730',545,'271',156.00,'we',7.30,'',1),('201100730',546,'271',107.00,'we',7.30,'',1),('201100730',547,'271',143.00,'u',7.30,'',1),('201100730',548,'271',183.00,'md',7.30,'',1),('201100730',549,'271',127.00,'dg',7.30,'',1),('201100730',550,'271',123.00,'wk',7.30,'',1),('201100730',551,'271',139.00,'u',7.30,'',1),('201100730',552,'271',140.00,'u',7.30,'',1),('201100731',553,'271',180.00,'wk',7.30,'',1),('201100731',554,'271',183.00,'u',7.30,'',1),('201100731',555,'271',106.00,'dg',7.30,'',1),('201100731',556,'271',179.00,'wk',7.30,'',1),('201100731',557,'271',200.00,'dg',7.30,'',1),('201100731',558,'271',183.00,'md',7.30,'',1),('201100731',559,'271',102.00,'u',7.30,'',1),('201100731',560,'271',136.00,'md',7.30,'',1),('201100732',561,'271',144.00,'md',7.30,'',1),('201100732',562,'271',192.00,'we',7.30,'',1),('201100732',563,'271',192.00,'u',7.30,'',1),('201100732',564,'271',159.00,'dg',7.30,'',1),('201100732',565,'271',105.00,'md',7.30,'',1),('201100732',566,'271',109.00,'md',7.30,'',1),('201100732',567,'271',162.00,'we',7.30,'',1),('201100732',568,'271',166.00,'u',7.30,'',1),('201100733',569,'271',189.00,'dg',7.30,'',1),('201100733',570,'271',129.00,'u',7.30,'',1),('201100733',571,'271',145.00,'wk',7.30,'',1),('201100733',572,'271',127.00,'wk',7.30,'',1),('201100733',573,'271',125.00,'we',7.30,'',1),('201100733',574,'271',131.00,'wk',7.30,'',1),('201100733',575,'271',107.00,'dg',7.30,'',1),('201100733',576,'271',123.00,'we',7.30,'',1),('201100734',577,'271',143.00,'u',7.30,'',1),('201100734',578,'271',157.00,'we',7.30,'',1),('201100734',579,'271',107.00,'u',7.30,'',1),('201100734',580,'271',141.00,'we',7.30,'',1),('201100734',581,'271',116.00,'md',7.30,'',1),('201100734',582,'271',178.00,'wk',7.30,'',1),('201100734',583,'271',198.00,'we',7.30,'',1),('201100734',584,'271',143.00,'dg',7.30,'',1),('201100735',585,'271',154.00,'u',7.30,'',1),('201100735',586,'271',190.00,'wk',7.30,'',1),('201100735',587,'271',191.00,'u',7.30,'',1),('201100735',588,'271',124.00,'we',7.30,'',1),('201100735',589,'271',170.00,'md',7.30,'',1),('201100735',590,'271',191.00,'wk',7.30,'',1),('201100735',591,'271',160.00,'u',7.30,'',1),('201100735',592,'271',189.00,'we',7.30,'',1),('201100736',593,'271',167.00,'we',7.30,'',1),('201100736',594,'271',107.00,'md',7.30,'',1),('201100736',595,'271',167.00,'md',7.30,'',1),('201100736',596,'271',113.00,'u',7.30,'',1),('201100736',597,'271',144.00,'md',7.30,'',1),('201100736',598,'271',108.00,'dg',7.30,'',1),('201100736',599,'271',176.00,'wk',7.30,'',1),('201100736',600,'271',129.00,'dg',7.30,'',1),('201100737',601,'271',163.00,'we',7.30,'',1),('201100737',602,'271',150.00,'u',7.30,'',1),('201100737',603,'271',103.00,'dg',7.30,'',1),('201100737',604,'271',174.00,'dg',7.30,'',1),('201100737',605,'271',134.00,'u',7.30,'',1),('201100737',606,'271',136.00,'md',7.30,'',1),('201100737',607,'271',180.00,'md',7.30,'',1),('201100737',608,'271',128.00,'u',7.30,'',1),('201100738',609,'271',123.00,'dg',7.30,'',1),('201100738',610,'271',195.00,'md',7.30,'',1),('201100738',611,'271',118.00,'we',7.30,'',1),('201100738',612,'271',143.00,'we',7.30,'',1),('201100738',613,'271',129.00,'u',7.30,'',1),('201100738',614,'271',134.00,'dg',7.30,'',1),('201100738',615,'271',144.00,'md',7.30,'',1),('201100738',616,'271',172.00,'we',7.30,'',1),('201100739',617,'271',197.00,'wk',7.30,'',1),('201100739',618,'271',101.00,'md',7.30,'',1),('201100739',619,'271',186.00,'wk',7.30,'',1),('201100739',620,'271',165.00,'dg',7.30,'',1),('201100739',621,'271',167.00,'wk',7.30,'',1),('201100739',622,'271',114.00,'u',7.30,'',1),('201100739',623,'271',143.00,'md',7.30,'',1),('201100739',624,'271',136.00,'u',7.30,'',1),('201100740',625,'271',159.00,'u',7.30,'',1),('201100740',626,'271',103.00,'wk',7.30,'',1),('201100740',627,'271',199.00,'md',7.30,'',1),('201100740',628,'271',122.00,'md',7.30,'',1),('201100740',629,'271',189.00,'we',7.30,'',1),('201100740',630,'271',117.00,'we',7.30,'',1),('201100740',631,'271',134.00,'u',7.30,'',1),('201100740',632,'271',120.00,'wk',7.30,'',1),('201100741',633,'271',120.00,'u',7.30,'',1),('201100741',634,'271',106.00,'we',7.30,'',1),('201100741',635,'271',110.00,'md',7.30,'',1),('201100741',636,'271',157.00,'dg',7.30,'',1),('201100741',637,'271',165.00,'wk',7.30,'',1),('201100741',638,'271',165.00,'md',7.30,'',1),('201100741',639,'271',193.00,'wk',7.30,'',1),('201100741',640,'271',187.00,'we',7.30,'',1),('201100742',641,'271',139.00,'md',7.30,'',1),('201100742',642,'271',125.00,'we',7.30,'',1),('201100742',643,'271',128.00,'we',7.30,'',1),('201100742',644,'271',111.00,'u',7.30,'',1),('201100742',645,'271',125.00,'u',7.30,'',1),('201100742',646,'271',173.00,'dg',7.30,'',1),('201100742',647,'271',182.00,'we',7.30,'',1),('201100742',648,'271',118.00,'u',7.30,'',1),('201100743',649,'271',136.00,'dg',7.30,'',1),('201100743',650,'271',160.00,'md',7.30,'',1),('201100743',651,'271',187.00,'wk',7.30,'',1),('201100743',652,'271',197.00,'we',7.30,'',1),('201100743',653,'271',127.00,'md',7.30,'',1),('201100743',654,'271',192.00,'wk',7.30,'',1),('201100743',655,'271',108.00,'dg',7.30,'',1),('201100743',656,'271',188.00,'u',7.30,'',1),('201100744',657,'271',137.00,'dg',7.30,'',1),('201100744',658,'271',107.00,'we',7.30,'',1),('201100744',659,'271',101.00,'u',7.30,'',1),('201100744',660,'271',132.00,'wk',7.30,'',1),('201100744',661,'271',172.00,'we',7.30,'',1),('201100744',662,'271',196.00,'we',7.30,'',1),('201100744',663,'271',139.00,'u',7.30,'',1),('201100744',664,'271',187.00,'wk',7.30,'',1),('201100745',665,'271',128.00,'u',7.30,'',1),('201100745',666,'271',117.00,'dg',7.30,'',1),('201100745',667,'271',147.00,'u',7.30,'',1),('201100745',668,'271',172.00,'wk',7.30,'',1),('201100745',669,'271',131.00,'we',7.30,'',1),('201100745',670,'271',118.00,'dg',7.30,'',1),('201100745',671,'271',155.00,'wk',7.30,'',1),('201100745',672,'271',158.00,'we',7.30,'',1),('201100746',673,'271',178.00,'dg',7.30,'',1),('201100746',674,'271',163.00,'md',7.30,'',1),('201100746',675,'271',150.00,'we',7.30,'',1),('201100746',676,'271',158.00,'wk',7.30,'',1),('201100746',677,'271',155.00,'u',7.30,'',1),('201100746',678,'271',182.00,'wk',7.30,'',1),('201100746',679,'271',155.00,'md',7.30,'',1),('201100746',680,'271',142.00,'dg',7.30,'',1),('201100747',681,'271',110.00,'md',7.30,'',1),('201100747',682,'271',124.00,'u',7.30,'',1),('201100747',683,'271',198.00,'we',7.30,'',1),('201100747',684,'271',114.00,'md',7.30,'',1),('201100747',685,'271',130.00,'wk',7.30,'',1),('201100747',686,'271',173.00,'we',7.30,'',1),('201100747',687,'271',143.00,'dg',7.30,'',1),('201100747',688,'271',180.00,'md',7.30,'',1),('201100748',689,'271',163.00,'we',7.30,'',1),('201100748',690,'271',193.00,'md',7.30,'',1),('201100748',691,'271',149.00,'dg',7.30,'',1),('201100748',692,'271',195.00,'dg',7.30,'',1),('201100748',693,'271',165.00,'wk',7.30,'',1),('201100748',694,'271',161.00,'wk',7.30,'',1),('201100748',695,'271',114.00,'md',7.30,'',1),('201100748',696,'271',197.00,'we',7.30,'',1),('201100749',697,'271',148.00,'u',7.30,'',1),('201100749',698,'271',192.00,'u',7.30,'',1),('201100749',699,'271',164.00,'wk',7.30,'',1),('201100749',700,'271',106.00,'wk',7.30,'',1),('201100749',701,'271',165.00,'we',7.30,'',1),('201100749',702,'271',198.00,'we',7.30,'',1),('201100749',703,'271',149.00,'md',7.30,'',1),('201100749',704,'271',105.00,'u',7.30,'',1),('201100750',705,'271',157.00,'wk',7.30,'',1),('201100750',706,'271',165.00,'wk',7.30,'',1),('201100750',707,'271',185.00,'wk',7.30,'',1),('201100750',708,'271',160.00,'we',7.30,'',1),('201100750',709,'271',173.00,'u',7.30,'',1),('201100750',710,'271',159.00,'u',7.30,'',1),('201100750',711,'271',146.00,'wk',7.30,'',1),('201100750',712,'271',167.00,'we',7.30,'',1),('201100751',713,'271',126.00,'wk',7.30,'',1),('201100751',714,'271',180.00,'md',7.30,'',1),('201100751',715,'271',119.00,'we',7.30,'',1),('201100751',716,'271',164.00,'md',7.30,'',1),('201100751',717,'271',143.00,'md',7.30,'',1),('201100751',718,'271',154.00,'we',7.30,'',1),('201100751',719,'271',168.00,'wk',7.30,'',1),('201100751',720,'271',107.00,'wk',7.30,'',1),('201100752',721,'271',121.00,'md',7.30,'',1),('201100752',722,'271',134.00,'we',7.30,'',1),('201100752',723,'271',124.00,'wk',7.30,'',1),('201100752',724,'271',179.00,'wk',7.30,'',1),('201100752',725,'271',145.00,'u',7.30,'',1),('201100752',726,'271',184.00,'wk',7.30,'',1),('201100752',727,'271',147.00,'we',7.30,'',1),('201100752',728,'271',155.00,'md',7.30,'',1),('201100753',729,'271',186.00,'md',7.30,'',1),('201100753',730,'271',172.00,'u',7.30,'',1),('201100753',731,'271',167.00,'we',7.30,'',1),('201100753',732,'271',176.00,'u',7.30,'',1),('201100753',733,'271',146.00,'we',7.30,'',1),('201100753',734,'271',158.00,'we',7.30,'',1),('201100753',735,'271',130.00,'u',7.30,'',1),('201100753',736,'271',119.00,'u',7.30,'',1),('201100754',737,'271',120.00,'u',7.30,'',1),('201100754',738,'271',105.00,'md',7.30,'',1),('201100754',739,'271',127.00,'we',7.30,'',1),('201100754',740,'271',189.00,'u',7.30,'',1),('201100754',741,'271',110.00,'u',7.30,'',1),('201100754',742,'271',190.00,'md',7.30,'',1),('201100754',743,'271',186.00,'md',7.30,'',1),('201100754',744,'271',106.00,'wk',7.30,'',1),('201100755',745,'271',143.00,'dg',7.30,'',1),('201100755',746,'271',193.00,'we',7.30,'',1),('201100755',747,'271',154.00,'md',7.30,'',1),('201100755',748,'271',146.00,'u',7.30,'',1),('201100755',749,'271',156.00,'we',7.30,'',1),('201100755',750,'271',112.00,'u',7.30,'',1),('201100755',751,'271',167.00,'wk',7.30,'',1),('201100755',752,'271',103.00,'md',7.30,'',1),('201100756',753,'271',157.00,'we',7.30,'',1),('201100756',754,'271',178.00,'dg',7.30,'',1),('201100756',755,'271',115.00,'u',7.30,'',1),('201100756',756,'271',198.00,'wk',7.30,'',1),('201100756',757,'271',119.00,'we',7.30,'',1),('201100756',758,'271',149.00,'we',7.30,'',1),('201100756',759,'271',185.00,'we',7.30,'',1),('201100756',760,'271',136.00,'wk',7.30,'',1),('201100757',761,'271',162.00,'u',7.30,'',0),('201100757',762,'271',165.00,'wk',7.30,'',0),('201100757',763,'271',183.00,'wk',7.30,'',0),('201100757',764,'271',163.00,'md',7.30,'',0),('201100757',765,'271',103.00,'md',7.30,'',0),('201100757',766,'271',182.00,'u',7.30,'',0),('201100757',767,'271',133.00,'u',7.30,'',0),('201100757',768,'271',131.00,'wk',7.30,'',0),('201100758',769,'271',177.00,'u',7.30,'',1),('201100758',770,'271',124.00,'u',7.30,'',1),('201100758',771,'271',186.00,'md',7.30,'',1),('201100758',772,'271',135.00,'dg',7.30,'',1),('201100758',773,'271',176.00,'u',7.30,'',1),('201100758',774,'271',170.00,'we',7.30,'',1),('201100758',775,'271',189.00,'dg',7.30,'',1),('201100758',776,'271',190.00,'dg',7.30,'',1),('201100759',777,'271',158.00,'dg',7.30,'',0),('201100759',778,'271',126.00,'md',7.30,'',0),('201100759',779,'271',185.00,'u',7.30,'',0),('201100759',780,'271',183.00,'wk',7.30,'',0),('201100759',781,'271',191.00,'u',7.30,'',0),('201100759',782,'271',137.00,'md',7.30,'',0),('201100759',783,'271',109.00,'dg',7.30,'',0),('201100759',784,'271',184.00,'u',7.30,'',0),('201100760',785,'271',167.00,'wk',7.30,'',1),('201100760',786,'271',174.00,'md',7.30,'',1),('201100760',787,'271',112.00,'md',7.30,'',1),('201100760',788,'271',113.00,'u',7.30,'',1),('201100760',789,'271',140.00,'wk',7.30,'',1),('201100760',790,'271',111.00,'dg',7.30,'',1),('201100760',791,'271',164.00,'dg',7.30,'',1),('201100760',792,'271',183.00,'dg',7.30,'',1),('201100761',793,'271',141.00,'dg',7.30,'',1),('201100761',794,'271',141.00,'wk',7.30,'',1),('201100761',795,'271',171.00,'dg',7.30,'',1),('201100761',796,'271',115.00,'we',7.30,'',1),('201100761',797,'271',151.00,'we',7.30,'',1),('201100761',798,'271',169.00,'dg',7.30,'',1),('201100761',799,'271',139.00,'u',7.30,'',1),('201100761',800,'271',182.00,'u',7.30,'',1),('201100769',1,'367',110.00,'dg',7.70,'',1),('201100769',2,'367',142.00,'u',7.70,'',1),('201100769',3,'367',180.00,'u',7.70,'',1),('201100769',4,'367',136.00,'md',7.70,'',1),('201100769',5,'367',105.00,'dg',7.70,'',1),('201100769',6,'367',101.00,'md',7.70,'',1),('201100769',7,'367',112.00,'wk',7.70,'',1),('201100769',8,'367',184.00,'we',7.70,'',1),('201100770',9,'367',116.00,'md',7.70,'',1),('201100770',10,'367',108.00,'u',7.70,'',1),('201100770',11,'367',188.00,'wk',7.70,'',1),('201100770',12,'367',173.00,'wk',7.70,'',1),('201100770',13,'367',124.00,'dg',7.70,'',1),('201100770',14,'367',178.00,'dg',7.70,'',1),('201100770',15,'367',187.00,'dg',7.70,'',1),('201100770',16,'367',179.00,'md',7.70,'',1),('201100771',17,'367',168.00,'wk',7.70,'',1),('201100771',18,'367',197.00,'wk',7.70,'',1),('201100771',19,'367',170.00,'u',7.70,'',1),('201100771',20,'367',160.00,'dg',7.70,'',1),('201100771',21,'367',165.00,'wk',7.70,'',1),('201100771',22,'367',131.00,'u',7.70,'',1),('201100771',23,'367',183.00,'u',7.70,'',1),('201100771',24,'367',100.00,'dg',7.70,'',1),('201100772',25,'367',180.00,'u',7.70,'',1),('201100772',26,'367',105.00,'we',7.70,'',1),('201100772',27,'367',105.00,'wk',7.70,'',1),('201100772',28,'367',180.00,'md',7.70,'',1),('201100772',29,'367',152.00,'wk',7.70,'',1),('201100772',30,'367',161.00,'dg',7.70,'',1),('201100772',31,'367',193.00,'wk',7.70,'',1),('201100772',32,'367',142.00,'wk',7.70,'',1),('201100773',33,'367',142.00,'wk',7.70,'',1),('201100773',34,'367',102.00,'md',7.70,'',1),('201100773',35,'367',157.00,'wk',7.70,'',1),('201100773',36,'367',135.00,'wk',61.00,'',1),('201100773',37,'367',152.00,'wk',7.70,'',1),('201100773',38,'367',138.00,'u',7.70,'',1),('201100773',39,'367',151.00,'wk',7.70,'',1),('201100773',40,'367',131.00,'wk',61.00,'',1),('201100774',41,'367',171.00,'we',7.70,'',1),('201100774',42,'367',183.00,'we',7.70,'',1),('201100774',43,'367',187.00,'u',7.70,'',1),('201100774',44,'367',124.00,'wk',7.70,'',1),('201100774',45,'367',104.00,'md',7.70,'',1),('201100774',46,'367',101.00,'u',7.70,'',1),('201100774',47,'367',109.00,'u',7.70,'',1),('201100774',48,'367',105.00,'md',7.70,'',1),('201100775',49,'367',167.00,'u',7.70,'',1),('201100775',50,'367',183.00,'wk',7.70,'',1),('201100775',51,'367',199.00,'md',7.70,'',1),('201100775',52,'367',190.00,'md',7.70,'',1),('201100775',53,'367',120.00,'dg',7.70,'',1),('201100775',54,'367',131.00,'u',7.70,'',1),('201100775',55,'367',151.00,'md',7.70,'',1),('201100775',56,'367',119.00,'we',7.70,'',1),('201100776',57,'367',132.00,'md',7.70,'',1),('201100776',58,'367',142.00,'we',7.70,'',1),('201100776',59,'367',165.00,'we',7.70,'',1),('201100776',60,'367',145.00,'dg',7.70,'',1),('201100776',61,'367',145.00,'md',7.70,'',1),('201100776',62,'367',115.00,'wk',7.70,'',1),('201100776',63,'367',173.00,'dg',7.70,'',1),('201100776',64,'367',193.00,'wk',7.70,'',1),('201100777',65,'367',129.00,'u',7.70,'',1),('201100777',66,'367',128.00,'dg',7.70,'',1),('201100777',67,'367',107.00,'md',7.70,'',1),('201100777',68,'367',181.00,'md',7.70,'',1),('201100777',69,'367',196.00,'we',7.70,'',1),('201100777',70,'367',136.00,'we',7.70,'',1),('201100777',71,'367',170.00,'dg',7.70,'',1),('201100777',72,'367',137.00,'we',7.70,'',1),('201100778',73,'367',165.00,'we',7.70,'',1),('201100778',74,'367',171.00,'u',7.70,'',1),('201100778',75,'367',158.00,'md',7.70,'',1),('201100778',76,'367',152.00,'md',7.70,'',1),('201100778',77,'367',112.00,'dg',7.70,'',1),('201100778',78,'367',192.00,'wk',7.70,'',1),('201100778',79,'367',143.00,'dg',7.70,'',1),('201100778',80,'367',105.00,'md',7.70,'',1),('201100779',81,'367',199.00,'md',7.70,'',1),('201100779',82,'367',191.00,'md',7.70,'',1),('201100779',83,'367',137.00,'we',7.70,'',1),('201100779',84,'367',173.00,'wk',7.70,'',1),('201100779',85,'367',130.00,'wk',7.70,'',1),('201100779',86,'367',108.00,'u',7.70,'',1),('201100779',87,'367',138.00,'we',7.70,'',1),('201100779',88,'367',191.00,'md',7.70,'',1),('201100780',89,'367',168.00,'u',7.70,'',1),('201100780',90,'367',164.00,'we',7.70,'',1),('201100780',91,'367',109.00,'u',7.70,'',1),('201100780',92,'367',136.00,'md',7.70,'',1),('201100780',93,'367',145.00,'wk',7.70,'',1),('201100780',94,'367',161.00,'we',7.70,'',1),('201100780',95,'367',125.00,'md',7.70,'',1),('201100780',96,'367',113.00,'dg',7.70,'',1),('201100781',97,'367',126.00,'md',7.70,'',0),('201100781',98,'367',146.00,'dg',7.70,'',0),('201100781',99,'367',123.00,'we',7.70,'',0),('201100781',100,'367',158.00,'wk',7.70,'',0),('201100781',101,'367',151.00,'we',7.70,'',0),('201100781',102,'367',146.00,'we',7.70,'',0),('201100781',103,'367',176.00,'we',7.70,'',0),('201100781',104,'367',121.00,'we',7.70,'',0),('201100782',105,'367',105.00,'we',7.70,'',0),('201100782',106,'367',110.00,'we',7.70,'',0),('201100782',107,'367',120.00,'md',7.70,'',0),('201100782',108,'367',120.00,'md',7.70,'',0),('201100782',109,'367',130.00,'dg',7.70,'',0),('201100782',110,'367',168.00,'wk',65.00,'',0),('201100782',111,'367',127.00,'we',7.70,'',0),('201100782',112,'367',183.00,'md',7.70,'',0),('201100783',113,'367',160.00,'we',7.70,'',1),('201100783',114,'367',200.00,'we',7.70,'',1),('201100783',115,'367',150.00,'wk',7.70,'',1),('201100783',116,'367',115.00,'u',7.70,'',1),('201100783',117,'367',167.00,'dg',7.70,'',1),('201100783',118,'367',171.00,'wk',7.70,'',1),('201100783',119,'367',125.00,'md',7.70,'',1),('201100783',120,'367',166.00,'we',7.70,'',1),('201100784',121,'367',126.00,'u',7.70,'',1),('201100784',122,'367',105.00,'u',7.70,'',1),('201100784',123,'367',122.00,'dg',7.70,'',1),('201100784',124,'367',162.00,'dg',7.70,'',1),('201100784',125,'367',151.00,'md',7.70,'',1),('201100784',126,'367',118.00,'we',7.70,'',1),('201100784',127,'367',105.00,'md',7.70,'',1),('201100784',128,'367',104.00,'dg',7.70,'',1),('201100785',129,'367',187.00,'u',7.70,'',1),('201100785',130,'367',159.00,'wk',7.70,'',1),('201100785',131,'367',131.00,'wk',7.70,'',1),('201100785',132,'367',146.00,'md',7.70,'',1),('201100785',133,'367',190.00,'dg',7.70,'',1),('201100785',134,'367',130.00,'wk',7.70,'',1),('201100785',135,'367',146.00,'we',7.70,'',1),('201100785',136,'367',181.00,'we',7.70,'',1),('201100786',137,'367',198.00,'we',7.70,'',1),('201100786',138,'367',186.00,'dg',7.70,'',1),('201100786',139,'367',120.00,'dg',7.70,'',1),('201100786',140,'367',166.00,'dg',770.00,'',1),('201100786',141,'367',105.00,'md',7.70,'',1),('201100786',142,'367',169.00,'wk',7.70,'',1),('201100786',143,'367',167.00,'wk',7.70,'',1),('201100786',144,'367',117.00,'we',7.70,'',1),('201100786',145,'269',20.00,'we',5.00,'',1),('201100787',145,'367',193.00,'we',7.70,'',1),('201100787',146,'367',118.00,'dg',7.70,'',1),('201100787',147,'367',114.00,'dg',7.70,'',1),('201100787',148,'367',149.00,'dg',7.70,'',1),('201100787',149,'367',167.00,'wk',7.70,'',1),('201100787',150,'367',127.00,'md',7.70,'',1),('201100787',151,'367',165.00,'md',7.70,'',1),('201100787',152,'367',113.00,'md',7.70,'',1),('201100788',153,'367',109.00,'dg',7.70,'',1),('201100788',154,'367',164.00,'we',7.70,'',1),('201100788',155,'367',198.00,'u',7.70,'',1),('201100788',156,'367',159.00,'u',7.70,'',1),('201100788',157,'367',114.00,'dg',7.70,'',1),('201100788',158,'367',185.00,'u',7.70,'',1),('201100788',159,'367',168.00,'dg',7.70,'',1),('201100788',160,'367',177.00,'u',7.70,'',1),('201100789',161,'367',186.00,'dg',7.70,'',1),('201100789',162,'367',106.00,'wk',7.70,'',1),('201100789',163,'367',161.00,'u',7.70,'',1),('201100789',164,'367',102.00,'md',7.70,'',1),('201100789',165,'367',146.00,'dg',7.70,'',1),('201100789',166,'367',114.00,'u',7.70,'',1),('201100789',167,'367',121.00,'md',7.70,'',1),('201100789',168,'367',182.00,'dg',7.70,'',1),('201100790',169,'367',151.00,'dg',7.70,'',0),('201100790',170,'367',111.00,'u',7.70,'',0),('201100790',171,'367',184.00,'wk',7.70,'',0),('201100790',172,'367',136.00,'md',7.70,'',0),('201100790',173,'367',117.00,'dg',7.70,'',0),('201100790',174,'367',193.00,'dg',7.70,'',0),('201100790',175,'367',107.00,'dg',7.70,'',0),('201100790',176,'367',200.00,'we',7.70,'',0),('201100791',177,'367',152.00,'md',7.70,'',1),('201100791',178,'367',120.00,'u',7.70,'',1),('201100791',179,'367',158.00,'we',7.70,'',1),('201100791',180,'367',171.00,'we',7.70,'',1),('201100791',181,'367',107.00,'wk',7.70,'',1),('201100791',182,'367',171.00,'we',7.70,'',1),('201100791',183,'367',106.00,'u',7.70,'',1),('201100791',184,'367',133.00,'dg',7.70,'',1),('201100792',185,'367',116.00,'wk',7.70,'',1),('201100792',186,'367',136.00,'dg',7.70,'',1),('201100792',187,'367',105.00,'we',7.70,'',1),('201100792',188,'367',191.00,'md',7.70,'',1),('201100792',189,'367',169.00,'u',7.70,'',1),('201100792',190,'367',188.00,'wk',7.70,'',1),('201100792',191,'367',102.00,'dg',7.70,'',1),('201100792',192,'367',155.00,'wk',7.70,'',1),('201100793',193,'367',114.00,'u',7.70,'',1),('201100793',194,'367',116.00,'u',7.70,'',1),('201100793',195,'367',151.00,'u',7.70,'',1),('201100793',196,'367',182.00,'we',7.70,'',1),('201100793',197,'367',142.00,'u',7.70,'',1),('201100793',198,'367',165.00,'we',7.70,'',1),('201100793',199,'367',141.00,'we',7.70,'',1),('201100793',200,'367',139.00,'md',7.70,'',1),('201100794',201,'367',132.00,'dg',78.00,'dit is commentaar',1),('201100794',202,'367',139.00,'wk',66.00,'',1),('201100794',203,'367',184.00,'dg',63.00,'',1),('201100794',204,'367',185.00,'wk',7.70,'',1),('201100794',206,'367',187.00,'dg',7.70,'',1),('201100794',207,'367',120.00,'u',7.70,'',0),('201100794',208,'367',134.00,'dg',61.00,'',1),('201100795',209,'367',126.00,'u',7.70,'',1),('201100795',210,'367',152.00,'dg',7.70,'',1),('201100795',211,'367',121.00,'dg',7.70,'',1),('201100795',212,'367',191.00,'wk',7.70,'',1),('201100795',213,'367',167.00,'wk',7.70,'',1),('201100795',214,'367',178.00,'wk',7.70,'',1),('201100795',215,'367',112.00,'dg',7.70,'',1),('201100795',216,'367',168.00,'we',7.70,'',1),('201100796',217,'367',130.00,'md',7.70,'',1),('201100796',218,'367',147.00,'md',7.70,'',1),('201100796',219,'367',151.00,'we',7.70,'',1),('201100796',220,'367',104.00,'dg',7.70,'',1),('201100796',221,'367',145.00,'dg',7.70,'',1),('201100796',222,'367',141.00,'we',7.70,'',1),('201100796',223,'367',166.00,'we',7.70,'',1),('201100796',224,'367',190.00,'md',7.70,'',1),('201100797',225,'367',118.00,'u',7.70,'',1),('201100797',226,'367',199.00,'wk',7.70,'',1),('201100797',227,'367',140.00,'u',7.70,'',1),('201100797',228,'367',164.00,'md',7.70,'',1),('201100797',229,'367',187.00,'u',7.70,'',1),('201100797',230,'367',124.00,'md',7.70,'',1),('201100797',231,'367',152.00,'md',7.70,'',1),('201100797',232,'367',172.00,'wk',7.70,'',1),('201100798',233,'367',150.00,'u',7.70,'',1),('201100798',234,'367',157.00,'md',7.70,'',1),('201100798',235,'367',186.00,'md',7.70,'',1),('201100798',236,'367',122.00,'dg',7.70,'',1),('201100798',237,'367',121.00,'u',7.70,'',1),('201100798',238,'367',127.00,'wk',7.70,'',1),('201100798',239,'367',175.00,'we',7.70,'',1),('201100798',240,'367',118.00,'dg',7.70,'',1),('201100799',241,'367',171.00,'dg',7.70,'',0),('201100799',242,'367',157.00,'wk',7.70,'',0),('201100799',243,'367',172.00,'we',7.70,'',0),('201100799',244,'367',151.00,'wk',7.70,'',0),('201100799',245,'367',156.00,'md',7.70,'',0),('201100799',246,'367',119.00,'dg',7.70,'',0),('201100799',247,'367',155.00,'we',7.70,'',0),('201100799',248,'367',131.00,'wk',7.70,'',0),('201100800',249,'367',180.00,'dg',7.70,'',1),('201100800',250,'367',143.00,'we',7.70,'',1),('201100800',251,'367',101.00,'u',7.70,'',1),('201100800',252,'367',179.00,'we',7.70,'',1),('201100800',253,'367',112.00,'wk',7.70,'',1),('201100800',254,'367',196.00,'md',7.70,'',1),('201100800',255,'367',164.00,'we',7.70,'',1),('201100800',256,'367',155.00,'wk',7.70,'',1),('201100801',257,'367',107.00,'wk',7.70,'',1),('201100801',258,'367',146.00,'we',7.70,'',1),('201100801',259,'367',106.00,'wk',7.70,'',1),('201100801',260,'367',198.00,'wk',7.70,'',1),('201100801',261,'367',105.00,'dg',7.70,'',1),('201100801',262,'367',152.00,'md',7.70,'',1),('201100801',263,'367',155.00,'u',7.70,'',1),('201100801',264,'367',167.00,'we',7.70,'',1),('201100802',265,'367',111.00,'wk',7.70,'',1),('201100802',266,'367',111.00,'u',7.70,'',1),('201100802',267,'367',128.00,'wk',7.70,'',1),('201100802',268,'367',119.00,'u',7.70,'',1),('201100802',269,'367',150.00,'md',7.70,'',1),('201100802',270,'367',157.00,'we',7.70,'',1),('201100802',271,'367',116.00,'dg',7.70,'',1),('201100802',272,'367',181.00,'dg',7.70,'',1),('201100803',273,'367',188.00,'md',7.70,'',1),('201100803',274,'367',170.00,'u',7.70,'',1),('201100803',275,'367',147.00,'we',7.70,'',1),('201100803',276,'367',155.00,'dg',7.70,'',1),('201100803',277,'367',125.00,'we',7.70,'',1),('201100803',278,'367',177.00,'we',7.70,'',1),('201100803',279,'367',104.00,'md',7.70,'',1),('201100803',280,'367',128.00,'dg',7.70,'',1),('201100804',281,'367',162.00,'u',7.70,'',1),('201100804',282,'367',190.00,'dg',7.70,'',1),('201100804',283,'367',193.00,'wk',7.70,'',1),('201100804',284,'367',152.00,'u',7.70,'',1),('201100804',285,'367',118.00,'dg',7.70,'',1),('201100804',286,'367',105.00,'md',7.70,'',1),('201100804',287,'367',125.00,'we',7.70,'',1),('201100804',288,'367',168.00,'dg',7.70,'',1),('201100805',289,'367',196.00,'wk',7.70,'',1),('201100805',290,'367',157.00,'we',7.70,'',1),('201100805',291,'367',189.00,'md',7.70,'',1),('201100805',292,'367',155.00,'md',7.70,'',1),('201100805',293,'367',130.00,'wk',7.70,'',1),('201100805',294,'367',142.00,'u',7.70,'',1),('201100805',295,'367',133.00,'dg',7.70,'',1),('201100805',296,'367',188.00,'u',7.70,'',1),('201100806',297,'367',179.00,'u',7.70,'',1),('201100806',298,'367',115.00,'dg',7.70,'',1),('201100806',299,'367',163.00,'u',7.70,'',1),('201100806',300,'367',158.00,'wk',7.70,'',1),('201100806',301,'367',148.00,'u',7.70,'',1),('201100806',302,'367',129.00,'wk',7.70,'',1),('201100806',303,'367',118.00,'md',7.70,'',1),('201100806',304,'367',117.00,'u',7.70,'',1),('201100807',305,'367',115.00,'u',7.70,'',1),('201100807',306,'367',131.00,'wk',7.70,'',1),('201100807',307,'367',152.00,'md',7.70,'',1),('201100807',308,'367',175.00,'dg',7.70,'',1),('201100807',309,'367',137.00,'wk',7.70,'',1),('201100807',310,'367',193.00,'wk',7.70,'',1),('201100807',311,'367',179.00,'md',7.70,'',1),('201100807',312,'367',115.00,'u',7.70,'',1),('201100808',313,'367',142.00,'dg',7.70,'',1),('201100808',314,'367',126.00,'md',7.70,'',1),('201100808',315,'367',113.00,'dg',7.70,'',1),('201100808',316,'367',119.00,'u',7.70,'',1),('201100808',317,'367',156.00,'we',7.70,'',1),('201100808',318,'367',168.00,'md',7.70,'',1),('201100808',319,'367',123.00,'dg',7.70,'',1),('201100808',320,'367',168.00,'we',8.70,'',1),('201100809',321,'367',132.00,'dg',7.70,'',1),('201100809',322,'367',173.00,'md',7.70,'',1),('201100809',323,'367',157.00,'dg',7.70,'',1),('201100809',324,'367',118.00,'wk',7.70,'',1),('201100809',325,'367',133.00,'we',7.70,'',1),('201100809',326,'367',145.00,'we',7.70,'',1),('201100809',327,'367',113.00,'md',7.70,'',1),('201100809',328,'367',114.00,'wk',7.70,'',1),('201100810',329,'367',112.00,'we',7.70,'',1),('201100810',330,'367',187.00,'we',7.70,'',1),('201100810',331,'367',147.00,'dg',7.70,'',1),('201100810',332,'367',153.00,'we',7.70,'',1),('201100810',333,'367',144.00,'dg',7.70,'',1),('201100810',334,'367',188.00,'we',7.70,'',1),('201100810',335,'367',164.00,'dg',7.70,'',1),('201100810',336,'367',166.00,'u',7.70,'',1),('201100811',337,'367',166.00,'u',7.70,'',1),('201100811',338,'367',168.00,'u',7.70,'',1),('201100811',339,'367',172.00,'u',7.70,'',1),('201100811',340,'367',161.00,'md',7.70,'',1),('201100811',341,'367',130.00,'dg',7.70,'',1),('201100811',342,'367',100.00,'wk',7.70,'',1),('201100811',343,'367',107.00,'wk',7.70,'',1),('201100811',344,'367',139.00,'dg',7.70,'',1),('201100812',345,'367',108.00,'md',7.70,'',1),('201100812',346,'367',120.00,'md',7.70,'',1),('201100812',347,'367',168.00,'u',7.70,'',1),('201100812',348,'367',107.00,'md',7.70,'',1),('201100812',349,'367',128.00,'u',7.70,'',1),('201100812',350,'367',101.00,'md',7.70,'',1),('201100812',351,'367',192.00,'md',7.70,'',1),('201100812',352,'367',135.00,'wk',7.70,'',1),('201100813',353,'367',140.00,'wk',7.70,'',1),('201100813',354,'367',150.00,'we',7.70,'',1),('201100813',355,'367',153.00,'we',7.70,'',1),('201100813',356,'367',160.00,'wk',7.70,'',1),('201100813',357,'367',114.00,'we',7.70,'',1),('201100813',358,'367',151.00,'wk',7.70,'',1),('201100813',359,'367',112.00,'we',7.70,'',1),('201100813',360,'367',126.00,'u',7.70,'',1),('201100814',361,'367',112.00,'md',7.70,'',1),('201100814',362,'367',173.00,'dg',7.70,'',1),('201100814',363,'367',188.00,'wk',7.70,'',1),('201100814',364,'367',100.00,'md',7.70,'',1),('201100814',365,'367',171.00,'u',7.70,'',1),('201100814',366,'367',160.00,'md',7.70,'',1),('201100814',367,'367',188.00,'we',7.70,'',1),('201100814',368,'367',188.00,'u',7.70,'',1),('201100815',369,'367',186.00,'u',7.70,'',1),('201100815',370,'367',197.00,'wk',7.70,'',1),('201100815',371,'367',154.00,'dg',7.70,'',1),('201100815',372,'367',122.00,'u',7.70,'',1),('201100815',373,'367',136.00,'we',7.70,'',1),('201100815',374,'367',101.00,'u',7.70,'',1),('201100815',375,'367',147.00,'wk',7.70,'',1),('201100815',376,'367',109.00,'wk',7.70,'',1),('201100816',377,'367',111.00,'dg',7.70,'',1),('201100816',378,'367',197.00,'we',7.70,'',1),('201100816',379,'367',108.00,'md',7.70,'',1),('201100816',380,'367',148.00,'u',7.70,'',1),('201100816',381,'367',133.00,'md',7.70,'',1),('201100816',382,'367',180.00,'md',7.70,'',1),('201100816',383,'367',190.00,'wk',7.70,'',1),('201100816',384,'367',165.00,'u',7.70,'',1),('201100817',385,'367',158.00,'wk',7.70,'',1),('201100817',386,'367',126.00,'md',7.70,'',1),('201100817',387,'367',196.00,'dg',7.70,'',1),('201100817',388,'367',164.00,'u',7.70,'',1),('201100817',389,'367',123.00,'we',7.70,'',1),('201100817',390,'367',193.00,'we',7.70,'',1),('201100817',391,'367',117.00,'u',7.70,'',1),('201100817',392,'367',102.00,'md',7.70,'',1),('201100818',393,'367',149.00,'we',7.70,'',1),('201100818',394,'367',194.00,'we',7.70,'',1),('201100818',395,'367',129.00,'u',7.70,'',1),('201100818',396,'367',107.00,'u',7.70,'',1),('201100818',397,'367',155.00,'wk',7.70,'',1),('201100818',398,'367',191.00,'md',7.70,'',1),('201100818',399,'367',142.00,'md',7.70,'',1),('201100818',400,'367',191.00,'u',7.70,'',1),('201100819',401,'367',151.00,'u',7.70,'',1),('201100819',402,'367',196.00,'dg',7.70,'',1),('201100819',403,'367',102.00,'we',7.70,'',1),('201100819',404,'367',128.00,'wk',7.70,'',1),('201100819',405,'367',186.00,'u',7.70,'',1),('201100819',406,'367',129.00,'wk',7.70,'',1),('201100819',407,'367',110.00,'we',7.70,'',1),('201100819',408,'367',162.00,'u',7.70,'',1),('201100820',409,'367',147.00,'we',7.70,'',1),('201100820',410,'367',152.00,'u',7.70,'',1),('201100820',411,'367',155.00,'dg',7.70,'',1),('201100820',412,'367',102.00,'wk',7.70,'',1),('201100820',413,'367',150.00,'dg',7.70,'',1),('201100820',414,'367',110.00,'dg',7.70,'',1),('201100820',415,'367',156.00,'we',7.70,'',1),('201100820',416,'367',182.00,'u',7.70,'',1),('201100821',417,'367',200.00,'dg',7.70,'',1),('201100821',418,'367',130.00,'md',7.70,'',1),('201100821',419,'367',157.00,'we',7.70,'',1),('201100821',420,'367',134.00,'dg',7.70,'',1),('201100821',421,'367',156.00,'wk',7.70,'',1),('201100821',422,'367',108.00,'u',7.70,'',1),('201100821',423,'367',143.00,'wk',7.70,'',1),('201100821',424,'367',180.00,'dg',7.70,'',1),('201100822',425,'367',194.00,'md',7.70,'',1),('201100822',426,'367',185.00,'wk',7.70,'',1),('201100822',427,'367',110.00,'dg',7.70,'',1),('201100822',428,'367',150.00,'dg',7.70,'',1),('201100822',429,'367',169.00,'u',7.70,'',1),('201100822',430,'367',186.00,'we',7.70,'',1),('201100822',431,'367',136.00,'u',7.70,'',1),('201100822',432,'367',153.00,'we',7.70,'',1),('201100823',433,'367',175.00,'we',7.70,'',1),('201100823',434,'367',192.00,'u',7.70,'',1),('201100823',435,'367',131.00,'u',7.70,'',1),('201100823',436,'367',169.00,'we',7.70,'',1),('201100823',437,'367',181.00,'wk',7.70,'',1),('201100823',438,'367',145.00,'u',7.70,'',1),('201100823',439,'367',147.00,'we',7.70,'',1),('201100823',440,'367',153.00,'dg',7.70,'',1),('201100824',441,'367',139.00,'wk',7.70,'',1),('201100824',442,'367',140.00,'wk',7.70,'',1),('201100824',443,'367',181.00,'u',7.70,'',1),('201100824',444,'367',182.00,'we',7.70,'',1),('201100824',445,'367',154.00,'we',7.70,'',1),('201100824',446,'367',172.00,'u',7.70,'',1),('201100824',447,'367',115.00,'u',7.70,'',1),('201100824',448,'367',106.00,'u',7.70,'',1),('201100825',449,'367',199.00,'dg',7.70,'',1),('201100825',450,'367',194.00,'wk',7.70,'',1),('201100825',451,'367',183.00,'we',7.70,'',1),('201100825',452,'367',152.00,'u',7.70,'',1),('201100825',453,'367',169.00,'we',77.00,'',1),('201100825',454,'367',111.00,'wk',7.70,'',1),('201100825',455,'367',131.00,'dg',7.70,'',1),('201100825',456,'367',126.00,'dg',7.70,'',1),('201100826',457,'367',126.00,'md',7.70,'',1),('201100826',458,'367',156.00,'md',7.70,'',1),('201100826',459,'367',151.00,'we',7.70,'',1),('201100826',460,'367',114.00,'we',7.70,'',1),('201100826',461,'367',104.00,'wk',7.70,'',1),('201100826',462,'367',100.00,'md',7.70,'',1),('201100826',463,'367',191.00,'u',7.70,'',1),('201100826',464,'367',188.00,'md',7.70,'',1),('201100827',465,'367',176.00,'u',7.70,'',1),('201100827',466,'367',122.00,'u',7.70,'',1),('201100827',467,'367',141.00,'dg',7.70,'',1),('201100827',468,'367',136.00,'we',7.70,'',1),('201100827',469,'367',147.00,'we',7.70,'',1),('201100827',470,'367',130.00,'md',7.70,'',1),('201100827',471,'367',141.00,'dg',7.70,'',1),('201100827',472,'367',136.00,'u',7.70,'',1),('201100828',473,'367',153.00,'dg',7.70,'',1),('201100828',474,'367',158.00,'we',7.70,'',1),('201100828',475,'367',191.00,'u',7.70,'',1),('201100828',476,'367',142.00,'dg',7.70,'',1),('201100828',477,'367',118.00,'dg',7.70,'',1),('201100828',478,'367',194.00,'wk',7.70,'',1),('201100828',479,'367',174.00,'we',7.70,'',1),('201100828',480,'367',161.00,'md',7.70,'',1),('201100829',481,'367',178.00,'md',7.70,'',1),('201100829',482,'367',197.00,'u',7.70,'',1),('201100829',483,'367',108.00,'u',7.70,'',1),('201100829',484,'367',117.00,'u',7.70,'',1),('201100829',485,'367',175.00,'md',7.70,'',1),('201100829',486,'367',131.00,'u',7.70,'',1),('201100829',487,'367',124.00,'u',7.70,'',1),('201100829',488,'367',160.00,'u',7.70,'',1),('201100830',489,'367',151.00,'wk',7.70,'',1),('201100830',490,'367',142.00,'we',7.70,'',1),('201100830',491,'367',118.00,'dg',7.70,'',1),('201100830',492,'367',151.00,'dg',7.70,'',1),('201100830',493,'367',189.00,'md',7.70,'',1),('201100830',494,'367',124.00,'md',7.70,'',1),('201100830',495,'367',170.00,'we',7.70,'',1),('201100830',496,'367',117.00,'wk',7.70,'',1),('201100831',497,'367',146.00,'md',7.70,'',1),('201100831',498,'367',112.00,'u',7.70,'',1),('201100831',499,'367',156.00,'we',7.70,'',1),('201100831',500,'367',168.00,'wk',7.70,'',1),('201100831',501,'367',147.00,'wk',7.70,'',1),('201100831',502,'367',108.00,'wk',7.70,'',1),('201100831',503,'367',155.00,'u',7.70,'',1),('201100831',504,'367',179.00,'md',7.70,'',1),('201100832',505,'367',111.00,'we',7.70,'',1),('201100832',506,'367',188.00,'md',7.70,'',1),('201100832',507,'367',152.00,'we',7.70,'',1),('201100832',508,'367',157.00,'md',7.70,'',1),('201100832',509,'367',153.00,'we',7.70,'',1),('201100832',510,'367',194.00,'md',7.70,'',1),('201100832',511,'367',173.00,'md',7.70,'',1),('201100832',512,'367',138.00,'u',7.70,'',1),('201100833',513,'367',102.00,'wk',7.70,'',1),('201100833',514,'367',113.00,'md',7.70,'',1),('201100833',515,'367',103.00,'wk',7.70,'',1),('201100833',516,'367',130.00,'wk',7.70,'',1),('201100833',517,'367',152.00,'md',7.70,'',1),('201100833',518,'367',169.00,'we',7.70,'',1),('201100833',519,'367',180.00,'u',7.70,'',1),('201100833',520,'367',195.00,'wk',7.70,'',1),('201100834',521,'367',198.00,'wk',7.70,'',1),('201100834',522,'367',181.00,'we',7.70,'',1),('201100834',523,'367',110.00,'u',7.70,'',1),('201100834',524,'367',130.00,'wk',7.70,'',1),('201100834',525,'367',135.00,'dg',7.70,'',1),('201100834',526,'367',125.00,'we',7.70,'',1),('201100834',527,'367',131.00,'dg',7.70,'',1),('201100834',528,'367',176.00,'wk',7.70,'',1),('201100835',529,'367',171.00,'dg',7.70,'',1),('201100835',530,'367',120.00,'wk',7.70,'',1),('201100835',531,'367',174.00,'dg',7.70,'',1),('201100835',532,'367',109.00,'dg',7.70,'',1),('201100835',533,'367',187.00,'md',7.70,'',1),('201100835',534,'367',160.00,'wk',7.70,'',1),('201100835',535,'367',198.00,'we',7.70,'',1),('201100835',536,'367',162.00,'md',7.70,'',1),('201100836',537,'367',147.00,'md',7.70,'',1),('201100836',538,'367',154.00,'we',7.70,'',1),('201100836',539,'367',131.00,'md',7.70,'',1),('201100836',540,'367',166.00,'md',7.70,'',1),('201100836',541,'367',133.00,'we',7.70,'',1),('201100836',542,'367',155.00,'u',7.70,'',1),('201100836',543,'367',121.00,'we',7.70,'',1),('201100836',544,'367',197.00,'wk',7.70,'',1),('201100837',545,'367',162.00,'wk',7.70,'',1),('201100837',546,'367',197.00,'we',7.70,'',1),('201100837',547,'367',115.00,'md',7.70,'',1),('201100837',548,'367',173.00,'wk',7.70,'',1),('201100837',549,'367',139.00,'wk',7.70,'',1),('201100837',550,'367',102.00,'we',7.70,'',1),('201100837',551,'367',167.00,'we',7.70,'',1),('201100837',552,'367',133.00,'we',7.70,'',1),('201100838',553,'367',119.00,'wk',7.70,'',1),('201100838',554,'367',173.00,'u',7.70,'',1),('201100838',555,'367',127.00,'dg',7.70,'',1),('201100838',556,'367',104.00,'wk',7.70,'',1),('201100838',557,'367',132.00,'u',7.70,'',1),('201100838',558,'367',191.00,'md',7.70,'',1),('201100838',559,'367',139.00,'u',7.70,'',1),('201100838',560,'367',134.00,'md',7.70,'',1),('201100839',561,'367',164.00,'we',7.70,'',1),('201100839',562,'367',111.00,'wk',7.70,'',1),('201100839',563,'367',183.00,'we',7.70,'',1),('201100839',564,'367',143.00,'md',7.70,'',1),('201100839',565,'367',180.00,'md',7.70,'',1),('201100839',566,'367',173.00,'u',7.70,'',1),('201100839',567,'367',133.00,'u',7.70,'',1),('201100839',568,'367',111.00,'we',7.70,'',1),('201100840',569,'367',154.00,'md',7.70,'',0),('201100840',570,'367',123.00,'md',7.70,'',0),('201100840',571,'367',182.00,'dg',7.70,'',0),('201100840',572,'367',111.00,'md',7.70,'',0),('201100840',573,'367',155.00,'we',7.70,'',0),('201100840',574,'367',170.00,'wk',7.70,'',0),('201100840',575,'367',184.00,'u',7.70,'',0),('201100840',576,'367',126.00,'wk',7.70,'',0),('201100841',577,'367',140.00,'u',7.70,'',1),('201100841',578,'367',168.00,'u',7.70,'',1),('201100841',579,'367',149.00,'u',7.70,'',1),('201100841',580,'367',124.00,'u',7.70,'',1),('201100841',581,'367',146.00,'u',7.70,'',1),('201100841',582,'367',119.00,'we',7.70,'',1),('201100841',583,'367',187.00,'dg',7.70,'',1),('201100841',584,'367',176.00,'we',7.70,'',1),('201100842',585,'367',169.00,'wk',7.70,'',1),('201100842',586,'367',172.00,'u',7.70,'',1),('201100842',587,'367',166.00,'md',7.70,'',1),('201100842',588,'367',165.00,'dg',7.70,'',1),('201100842',589,'367',163.00,'md',7.70,'',1),('201100842',590,'367',119.00,'dg',7.70,'',1),('201100842',591,'367',113.00,'dg',7.70,'',1),('201100842',592,'367',144.00,'md',7.70,'',1),('201100843',593,'367',146.00,'dg',7.70,'',1),('201100843',594,'367',183.00,'u',7.70,'',1),('201100843',595,'367',190.00,'wk',7.70,'',1),('201100843',596,'367',128.00,'u',7.70,'',1),('201100843',597,'367',192.00,'we',7.70,'',1),('201100843',598,'367',186.00,'we',7.70,'',1),('201100843',599,'367',112.00,'md',7.70,'',1),('201100843',600,'367',117.00,'wk',7.70,'',1),('201100844',601,'367',173.00,'u',7.70,'',1),('201100844',602,'367',122.00,'dg',7.70,'',1),('201100844',603,'367',130.00,'md',7.70,'',1),('201100844',604,'367',135.00,'u',7.70,'',1),('201100844',605,'367',190.00,'u',7.70,'',1),('201100844',606,'367',115.00,'md',7.70,'',1),('201100844',607,'367',170.00,'wk',7.70,'',1),('201100844',608,'367',132.00,'dg',7.70,'',1),('201100845',609,'367',195.00,'u',7.70,'',1),('201100845',610,'367',137.00,'md',7.70,'',1),('201100845',611,'367',135.00,'md',7.70,'',1),('201100845',612,'367',163.00,'u',7.70,'',1),('201100845',613,'367',139.00,'we',7.70,'',1),('201100845',614,'367',103.00,'wk',7.70,'',1),('201100845',615,'367',190.00,'we',7.70,'',1),('201100845',616,'367',191.00,'wk',7.70,'',1),('201100846',617,'367',198.00,'u',7.70,'',1),('201100846',618,'367',163.00,'wk',7.70,'',1),('201100846',619,'367',189.00,'wk',7.70,'',1),('201100846',620,'367',119.00,'wk',7.70,'',1),('201100846',621,'367',171.00,'u',7.70,'',1),('201100846',622,'367',103.00,'wk',7.70,'',1),('201100846',623,'367',136.00,'dg',7.70,'',1),('201100846',624,'367',106.00,'md',7.70,'',1),('201100847',625,'367',138.00,'md',7.70,'',1),('201100847',626,'367',129.00,'dg',7.70,'',1),('201100847',627,'367',119.00,'we',7.70,'',1),('201100847',628,'367',114.00,'u',7.70,'',1),('201100847',629,'367',157.00,'wk',7.70,'',1),('201100847',630,'367',158.00,'dg',7.70,'',1),('201100847',631,'367',153.00,'wk',7.70,'',1),('201100847',632,'367',189.00,'md',7.70,'',1),('201100848',633,'367',177.00,'md',7.70,'',1),('201100848',634,'367',107.00,'md',7.70,'',1),('201100848',635,'367',119.00,'dg',7.70,'',1),('201100848',636,'367',183.00,'u',7.70,'',1),('201100848',637,'367',168.00,'wk',7.70,'',1),('201100848',638,'367',196.00,'u',7.70,'',1),('201100848',639,'367',151.00,'wk',7.70,'',1),('201100848',640,'367',102.00,'u',7.70,'',1),('201100849',641,'367',144.00,'md',7.70,'',1),('201100849',642,'367',125.00,'wk',7.70,'',1),('201100849',643,'367',136.00,'wk',7.70,'',1),('201100849',644,'367',125.00,'u',7.70,'',1),('201100849',645,'367',155.00,'wk',7.70,'',1),('201100849',646,'367',139.00,'u',7.70,'',1),('201100849',647,'367',118.00,'we',7.70,'',1),('201100849',648,'367',186.00,'we',7.70,'',1),('201100850',649,'367',108.00,'dg',7.70,'',1),('201100850',650,'367',160.00,'we',7.70,'',1),('201100850',651,'367',124.00,'we',7.70,'',1),('201100850',652,'367',143.00,'dg',7.70,'',1),('201100850',653,'367',149.00,'we',10.00,'',1),('201100850',654,'367',181.00,'wk',61.00,'',1),('201100850',655,'367',186.00,'we',10.00,'',1),('201100850',656,'367',162.00,'we',7.70,'',1),('201100851',657,'367',102.00,'wk',7.70,'',1),('201100851',658,'367',159.00,'u',7.70,'',1),('201100851',659,'367',116.00,'u',7.70,'',1),('201100851',660,'367',163.00,'we',7.70,'',1),('201100851',661,'367',173.00,'dg',7.70,'',1),('201100851',662,'367',142.00,'we',7.70,'',1),('201100851',663,'367',134.00,'we',10.00,'dit is extra commentaar die op de factuur zou moeten verschijnen',1),('201100851',664,'367',192.00,'wk',61.00,'',1),('201100852',665,'367',193.00,'dg',7.70,'',1),('201100852',666,'367',144.00,'we',7.70,'',1),('201100852',667,'367',147.00,'dg',7.70,'',1),('201100852',668,'367',149.00,'u',7.70,'',1),('201100852',669,'367',144.00,'dg',7.70,'',1),('201100852',670,'367',120.00,'we',7.70,'',1),('201100852',671,'367',191.00,'we',7.70,'',1),('201100852',672,'367',186.00,'md',7.70,'',1),('201100853',673,'367',161.00,'wk',77.00,'',1),('201100853',674,'367',133.00,'u',7.70,'',0),('201100853',675,'367',14.70,'md',770.00,'',1),('201100853',676,'367',133.00,'u',7.70,'',0),('201100853',677,'367',183.00,'we',7.70,'',1),('201100853',678,'367',174.00,'dg',7.70,'',1),('201100853',679,'367',131.00,'we',10.00,'dit is nog een test\nen dan nu een hele lange tekt die ook op de factuur moet verschijnen',1),('201100853',680,'367',148.00,'u',7.70,'',0),('201100854',681,'367',134.00,'md',7.70,'',1),('201100854',682,'367',102.00,'dg',7.70,'',1),('201100854',683,'367',134.00,'wk',7.70,'',1),('201100854',684,'367',176.00,'u',7.70,'',1),('201100854',685,'367',183.00,'we',7.70,'',1),('201100854',686,'367',176.00,'md',7.70,'',1),('201100854',687,'367',138.00,'we',7.70,'',1),('201100854',688,'367',104.00,'we',7.70,'',1),('201100855',689,'367',193.00,'we',7.70,'',1),('201100855',690,'367',141.00,'md',7.70,'',1),('201100855',691,'367',128.00,'md',7.70,'',1),('201100855',692,'367',144.00,'dg',7.70,'',1),('201100855',693,'367',160.00,'wk',7.70,'',1),('201100855',694,'367',183.00,'u',7.70,'',1),('201100855',695,'367',145.00,'we',7.70,'',1),('201100855',696,'367',119.00,'u',7.70,'',1),('201100856',697,'367',126.00,'md',7.70,'',1),('201100856',698,'367',137.00,'we',7.70,'',1),('201100856',699,'367',166.00,'wk',7.70,'',1),('201100856',700,'367',140.00,'we',7.70,'',1),('201100856',701,'367',109.00,'wk',7.70,'',1),('201100856',702,'367',148.00,'u',7.70,'',1),('201100856',703,'367',117.00,'we',7.70,'',1),('201100856',704,'367',148.00,'we',7.70,'',1),('201100857',705,'367',157.00,'wk',7.70,'',1),('201100857',706,'367',192.00,'wk',77.00,'',1),('201100857',707,'367',130.00,'wk',7.70,'',1),('201100857',708,'367',186.00,'wk',7.70,'',1),('201100857',709,'367',174.00,'u',7.70,'',0),('201100857',710,'367',102.00,'we',7.70,'',0),('201100857',711,'367',169.00,'dg',7.70,'',1),('201100857',712,'367',189.00,'dg',7.70,'',1),('201100858',713,'367',189.00,'dg',7.70,'',1),('201100858',714,'367',164.00,'we',7.70,'',1),('201100858',715,'367',128.00,'wk',7.70,'',1),('201100858',716,'367',180.00,'wk',7.70,'',1),('201100858',717,'367',106.00,'wk',7.70,'',1),('201100858',718,'367',182.00,'u',7.70,'',1),('201100858',719,'367',190.00,'wk',7.70,'',1),('201100858',720,'367',114.00,'md',7.70,'',1),('201100859',721,'367',163.00,'md',7.70,'',0),('201100859',722,'367',116.00,'u',7.70,'',0),('201100859',723,'367',186.00,'we',7.70,'',0),('201100859',724,'367',139.00,'md',7.70,'',0),('201100859',725,'367',110.00,'md',7.70,'',0),('201100859',726,'367',107.00,'wk',7.70,'',0),('201100859',727,'367',144.00,'u',7.70,'',0),('201100859',728,'367',150.00,'we',7.70,'',0),('201100860',729,'367',114.00,'u',7.70,'',1),('201100860',730,'367',174.00,'u',7.70,'',1),('201100860',731,'367',177.00,'md',7.70,'',1),('201100860',732,'367',180.00,'u',7.70,'',1),('201100860',733,'367',183.00,'md',7.70,'',1),('201100860',734,'367',167.00,'we',7.70,'',1),('201100860',735,'367',179.00,'md',7.70,'',1),('201100860',736,'367',149.00,'u',7.70,'',1),('201100861',737,'367',101.00,'wk',7.70,'',1),('201100861',738,'367',176.00,'we',7.70,'',1),('201100861',739,'367',145.00,'we',7.70,'',1),('201100861',740,'367',128.00,'we',7.70,'',1),('201100861',741,'367',123.00,'u',7.70,'',1),('201100861',742,'367',196.00,'dg',7.70,'',1),('201100861',743,'367',194.00,'dg',7.70,'',1),('201100861',744,'367',152.00,'we',7.70,'',1),('201100862',745,'367',125.00,'md',7.70,'',1),('201100862',746,'367',159.00,'u',7.70,'',1),('201100862',747,'367',129.00,'wk',7.70,'',1),('201100862',748,'367',130.00,'we',7.70,'',1),('201100862',749,'367',119.00,'md',7.70,'',1),('201100862',750,'367',168.00,'dg',7.70,'',1),('201100862',751,'367',156.00,'dg',7.70,'',1),('201100862',752,'367',114.00,'u',7.70,'',1),('201100863',753,'367',168.00,'md',7.70,'',1),('201100863',754,'367',129.00,'dg',7.70,'',1),('201100863',755,'367',163.00,'dg',7.70,'',1),('201100863',756,'367',114.00,'we',7.70,'',1),('201100863',757,'367',184.00,'wk',7.70,'',1),('201100863',758,'367',156.00,'md',7.70,'',1),('201100863',759,'367',173.00,'wk',7.70,'',1),('201100863',760,'367',145.00,'u',7.70,'',1),('201100864',761,'367',181.00,'we',7.70,'',1),('201100864',762,'367',121.00,'wk',7.70,'',1),('201100864',763,'367',175.00,'md',7.70,'',1),('201100864',764,'367',128.00,'dg',7.70,'',1),('201100864',765,'367',144.00,'wk',7.70,'',1),('201100864',766,'367',137.00,'dg',7.70,'',1),('201100864',767,'367',164.00,'u',7.70,'',1),('201100864',768,'367',193.00,'u',7.70,'',1),('201100865',769,'367',106.00,'wk',7.70,'',1),('201100865',770,'367',193.00,'we',7.70,'',1),('201100865',771,'367',111.00,'we',7.70,'',1),('201100865',772,'367',158.00,'u',7.70,'',1),('201100865',773,'367',173.00,'md',7.70,'',1),('201100865',774,'367',172.00,'wk',7.70,'',1),('201100865',775,'367',168.00,'md',7.70,'',1),('201100865',776,'367',131.00,'md',7.70,'',1),('201100866',777,'367',164.00,'wk',7.70,'',1),('201100866',778,'367',174.00,'u',7.70,'',1),('201100866',779,'367',189.00,'dg',7.70,'',1),('201100866',780,'367',193.00,'we',7.70,'',1),('201100866',781,'367',118.00,'wk',7.70,'',1),('201100866',782,'367',108.00,'we',7.70,'',1),('201100866',783,'367',180.00,'we',7.70,'',1),('201100866',784,'367',155.00,'dg',7.70,'',1),('201100867',785,'367',136.00,'md',7.70,'',1),('201100867',786,'367',128.00,'u',7.70,'',1),('201100867',787,'367',133.00,'u',7.70,'',1),('201100867',788,'367',114.00,'u',7.70,'',1),('201100867',789,'367',118.00,'md',7.70,'',1),('201100867',790,'367',200.00,'md',7.70,'',1),('201100867',791,'367',186.00,'md',7.70,'',1),('201100867',792,'367',119.00,'we',7.70,'',1),('201100868',793,'367',135.00,'md',7.70,'',0),('201100868',794,'367',126.00,'u',7.70,'',0),('201100868',795,'367',106.00,'u',7.70,'',0),('201100868',796,'367',141.00,'wk',7.70,'',0),('201100868',797,'367',142.00,'u',7.70,'',0),('201100868',798,'367',166.00,'dg',7.70,'',0),('201100868',799,'367',102.00,'we',7.70,'',0),('201100868',800,'367',198.00,'u',7.70,'',0),('201100869',1,'269',50.00,'md',25.00,'',1),('201100869',2,'273',10.00,'u',10.00,'',1),('201100870',1,'269',20.00,'md',25.00,'',1),('201100870',4,'281',5.00,'dg',3.00,'',0),('201200004',1,'269',5.00,'md',25.00,'',0),('201200005',1,'271',5.00,'we',2.00,'qsdfqsdf',1),('201200006',2,'273',5.00,'u',10.00,'qsdkfqlsdfk q',0),('201200007',1,'269',10.00,'md',25.00,'qsdfqsf ',0),('201200011',2,'273',1.00,'u',10.00,'',1),('201200011',3,'401',25.00,'stk',5000.00,'',1),('201200019',300,NULL,10.00,'stk',5000.00,'Trends in ICT',1),('201200019',301,NULL,12.00,'md',35.87,'Java',1),('201200021',505,'438',5.00,'u',55.00,'qfkk',1),('201200022',3,NULL,1.00,'md',25.00,'Java',0),('201200022',4,NULL,0.00,'',0.00,'',0),('201200022',5,NULL,0.00,'',0.00,'plaatsen van netten',1),('201200022',6,NULL,0.00,'',0.00,'storten van beton',1),('201200022',7,NULL,0.00,'',0.00,'',1),('201200022',8,NULL,1.00,'',3570.00,'Totaal voor:',1),('201200023',1,NULL,2.00,'stk',4500.00,'test',0),('201200023',3,NULL,1.00,'stk',35900.00,'nog een test',0),('201200023',5,NULL,23.00,'we',60.00,'testje',1),('201200023',6,NULL,2.00,'dg',450.00,'not yet ready',1),('201200023',7,NULL,1.00,'dg',670.00,'nog een lijn',1),('201200023',8,'269',6.00,'dg',61.00,'extra commentaar',1),('201200024',1,NULL,0.00,'',0.00,'test',1),('201200024',2,NULL,600.00,'',23.00,'test',1),('201200024',4,NULL,20.00,'stk',234.00,'Test',1),('201200024',5,NULL,1.00,'',345.00,'meer',1),('201200024',6,NULL,0.00,'',0.00,'',0),('201200024',7,NULL,0.00,'',0.00,'',0),('201200024',8,NULL,100.00,'wk',4.00,'extra',1),('201200025',1,NULL,0.00,'',0.00,'PROFORMA',1),('201200025',2,NULL,0.00,'',0.00,'',1),('201200025',3,NULL,0.00,'',0.00,'Levering van betonnetten',1),('201200025',4,NULL,0.00,'',0.00,'storten van beton',1),('201200025',5,NULL,1.00,'',120.00,'dit iseen test',0),('201200025',6,NULL,1.00,'',3560.00,'Totaal:',0),('201200025',7,NULL,0.00,'',0.00,'nog',1),('201200025',8,NULL,0.00,'',0.00,'en nog',1),('201200025',9,NULL,0.00,'',0.00,'en nog',1),('201200025',10,NULL,0.00,'',0.00,'en nog',1),('201200025',11,NULL,0.00,'',0.00,'en nog',1),('201200025',12,NULL,0.00,'',0.00,'',1),('201200025',13,NULL,1.00,'',3450.00,'Totaal:',1);
/*!40000 ALTER TABLE `quotedetail` ENABLE KEYS */;
UNLOCK TABLES;

--
-- Table structure for table `number`
--

DROP TABLE IF EXISTS `number`;
/*!40101 SET @saved_cs_client     = @@character_set_client */;
/*!40101 SET character_set_client = utf8 */;
CREATE TABLE `number` (
  `nbrCategory` char(5) NOT NULL COMMENT 'Number category',
  `nbrYear` decimal(4,0) NOT NULL COMMENT 'Reference year for this number category',
  `nbrStrValue` char(15) NOT NULL COMMENT 'Category Start value for the reference year',
  `nbrLstValue` char(15) DEFAULT NULL COMMENT 'Last used number for the reference year',
  `Active` tinyint(1) NOT NULL COMMENT 'Category/Year combination Active?',
  PRIMARY KEY (`nbrCategory`,`nbrYear`)
) ENGINE=InnoDB DEFAULT CHARSET=latin1;
/*!40101 SET character_set_client = @saved_cs_client */;

--
-- Dumping data for table `number`
--

LOCK TABLES `number` WRITE;
/*!40000 ALTER TABLE `number` DISABLE KEYS */;
INSERT INTO `number` VALUES ('Add',0,'1','340',1),('Cnt',0,'100','834',1),('Crn',2012,'2012000','2012002',1),('Cus',0,'1000','1252',1),('Inv',2011,'201100000','201100163',0),('Inv',2012,'201200000','201200030',1),('Inv',2013,'20130000','20130000',1),('Prc',0,'1','529',1),('Prd',0,'10','440',1),('Qte',2011,'201100000','201100870',0),('Qte',2012,'201200000','201200025',1);
/*!40000 ALTER TABLE `number` ENABLE KEYS */;
UNLOCK TABLES;

--
-- Table structure for table `contact`
--

DROP TABLE IF EXISTS `contact`;
/*!40101 SET @saved_cs_client     = @@character_set_client */;
/*!40101 SET character_set_client = utf8 */;
CREATE TABLE `contact` (
  `idContact` char(15) NOT NULL,
  `idCus` char(15) NOT NULL COMMENT 'Customer ID',
  `conlname` char(30) DEFAULT NULL COMMENT 'Contact Last name',
  `conFname` char(30) DEFAULT NULL COMMENT 'Contact First name',
  `Conphone` char(20) DEFAULT NULL COMMENT 'Contact phone office',
  `conmobile` char(20) DEFAULT NULL COMMENT 'Contact mobile phone',
  `conemail` char(30) DEFAULT NULL COMMENT 'Contact email',
  `contitle` char(15) NOT NULL COMMENT 'Contact title. Values are pre-defined in code tables. f.e. Dr, prof, ing, Ir, ...',
  `conpref` char(5) NOT NULL COMMENT 'Contact prefix. Values are pre-defined in Code Tables. f.e. Mr, Mw, Juf',
  `ConLang` char(5) NOT NULL COMMENT 'Contact language. Values are predefined in Code Tables. F.e. Nl, Fr, En, De, ...',
  `Active` tinyint(1) NOT NULL COMMENT 'Active (T/F)',
  PRIMARY KEY (`idContact`),
  KEY `fk_Contact_Customer1` (`idCus`),
  KEY `FK_Title` (`contitle`),
  KEY `FK_ConLanguage` (`ConLang`),
  CONSTRAINT `fk_Contact_Customer1` FOREIGN KEY (`idCus`) REFERENCES `customer` (`idCus`)
) ENGINE=InnoDB DEFAULT CHARSET=latin1 COMMENT='Customer Contact persons ';
/*!40101 SET character_set_client = @saved_cs_client */;

--
-- Dumping data for table `contact`
--

LOCK TABLES `contact` WRITE;
/*!40000 ALTER TABLE `contact` DISABLE KEYS */;
INSERT INTO `contact` VALUES ('650','1163','Franckaerts','Charlotte','042/461803','0467/900227','Charlotte@gmail.com','Lic','Jhr.','Nl',1),('651','1163','Vliegen','Peggy','047/946664','0562/474538','Peggy@gmail.com','Ir','Juf.','De',1),('652','1163','Gerits','Lowie','019/470073','0789/870108','Lowie@gmail.com','Baron','Jhr.','En',1),('653','1163','Eerdekens','Steffi','074/754049','0827/1064286','Steffi@gmail.com','Baron','Mr.','Nl',1),('654','1163','Ankersmidt','Lowie','035/1058847','0647/1033205','Lowie@gmail.com','Dr.','Mw.','De',1),('655','1164','Brebels','Gert','066/525686','0776/302453','Gert@gmail.com','Baron','Jhr.','En',1),('656','1164','Ankersmidt','Lowie','053/447868','0556/403123','Lowie@gmail.com','Lic','Juf.','Fr',1),('657','1164','Paesen','Lowie','023/193154','0479/429241','Lowie@gmail.com','Baron','Mr.','De',1),('658','1164','Achten','Lowie','056/115733','0499/733144','Lowie@gmail.com','Prof.','Jhr.','De',1),('659','1164','Vandenbussche','Rudolf','015/135047','0412/307131','Rudolf@gmail.com','Lic','Juf.','Nl',1),('660','1165','Juncker','Luc','040/871129','0526/715070','Luc@gmail.com','Ir','Mr.','En',1),('661','1165','Kelchtermans','Steffi','091/952924','0890/170703','Steffi@gmail.com','Baron','Juf.','Fr',1),('662','1165','Casters','Jaak','083/770794','0777/137069','Jaak@gmail.com','Ir','Jhr.','En',1),('663','1165','Styven','Dirk','031/579294','0418/817989','Dirk@gmail.com','Hertog','Mr.','Fr',1),('664','1165','Cortens','Erik','073/203808','0487/511563','Erik@gmail.com','Baron','Juf.','En',1),('665','1166','Casters','Nancy','091/958018','0459/528932','Nancy@gmail.com','Hertog','Mr.','En',1),('666','1166','Brebels','Steven','078/771754','0862/1098630','Steven@gmail.com','Hertog','Juf.','Fr',1),('667','1166','Brebels','Ann-Sophie','082/650428','0897/1097555','Ann-Sophie@gmail.com','Hertog','Jhr.','Nl',1),('668','1166','Franckaerts','Peggy','040/517716','0710/726054','Peggy@gmail.com','Ir','Mw.','Fr',1),('669','1166','Gerits','Patrick','057/546934','0836/814168','Patrick@gmail.com','','Mr.','Fr',1),('670','1167','Kelchtermans','Steffi','053/1046063','0476/395325','Steffi@gmail.com','Lic','Mw.','Nl',1),('671','1167','Langens','Francois','082/776138','0763/370690','Francois@gmail.com','','Mr.','Nl',1),('672','1167','Vandender','Francois','025/777488','0423/226346','Francois@gmail.com','Baron','Mr.','De',0),('673','1167','Aendekerk','Steven','084/471993','0873/886459','Steven@gmail.com','Baron','Mr.','Fr',1),('674','1167','Kelchtermans','Chris','032/567166','0778/434509','Chris@gmail.com','','Juf.','Nl',1),('675','1168','Eerdekens','Ann-Sophie','069/525749','0499/363958','Ann-Sophie@gmail.com','Prof.','Mr.','De',1),('676','1168','Paesen','Lowie','07/186722','0602/670500','Lowie@gmail.com','Baron','Mw.','Fr',1),('677','1168','Gerits','Erik','04/663064','0583/806509','Erik@gmail.com','Ir','Jhr.','En',1),('678','1168','Vangrootloon','Jaak','065/715735','0418/674920','Jaak@gmail.com','Ing','Mr.','Nl',1),('679','1168','Achten','Niko','033/794432','0698/563569','Niko@gmail.com','Ir','Juf.','En',1),('680','1169','Vandender','Dirk','079/778849','0703/1037849','Dirk@gmail.com','Ing','Mr.','Nl',1),('681','1169','Eerdekens','Patrick','031/145074','0504/887510','Patrick@gmail.com','Baron','Mr.','Nl',1),('682','1169','Vliegen','Steven','029/282329','0839/402359','Steven@gmail.com','ing','Mw.','Nl',1),('683','1169','Coninckx','Jaak','038/178588','0572/675747','Jaak@gmail.com','Dr.','Mw.','En',1),('684','1169','Achten','Rudolf','053/716201','0727/571949','Rudolf@gmail.com','Ing','Mw.','Fr',1),('685','1170','Aendekerk','Steven','02/886111','0484/897825','Steven@gmail.com','Ing','Juf.','Fr',1),('686','1170','Kelchtermans','Charlotte','078/645834','0432/232163','Charlotte@gmail.com','Ir','Jhr.','En',1),('687','1170','Casters','Niko','045/287114','0867/240155','Niko@gmail.com','Hertog','Jhr.','Nl',1),('688','1170','Casters','Steven','045/464013','0850/693079','Steven@gmail.com','Ing','Jhr.','En',1),('689','1170','Styven','Francois','046/494625','0881/643769','Francois@gmail.com','Lic','Mw.','Nl',1),('690','1171','Jehoul','Steven','031/548916','0405/566782','Steven@gmail.com','Ing','Mr.','Fr',1),('691','1171','Casters','Ann-Sophie','083/851795','0818/108201','Ann-Sophie@gmail.com','Dr.','Juf.','Nl',1),('692','1171','Brebels','Ann-Sophie','011/381136','0461/605024','Ann-Sophie@gmail.com','Ir','Mw.','Nl',1),('693','1171','Vandender','Steffi','067/935875','0402/940537','Steffi@gmail.com','Prof.','Jhr.','Fr',1),('694','1171','Vangrootloon','Nancy','049/775369','0883/595122','Nancy@gmail.com','Prof.','Juf.','Nl',1),('695','1172','Stassen','Erik','078/919472','0542/978725','Erik@gmail.com','','Mr.','Nl',1),('696','1172','Leppens','Rudolf','020/300519','0883/225877','Rudolf@gmail.com','Ing','Mr.','Nl',1),('697','1172','Leppens','Nancy','043/217955','0767/471964','Nancy@gmail.com','Dr.','Juf.','Nl',1),('698','1172','Juncker','Steffi','040/379997','0442/426108','Steffi@gmail.com','Lic','Jhr.','En',1),('699','1172','Leppens','Rudolf','049/279766','0865/278179','Rudolf@gmail.com','Hertog','Mw.','En',1),('702','1179','Vandender','Jef','045/981603','0737/122130','Jef@gmail.com','Prof.','Mr.','Fr',1),('703','1182','Leppens','Francois','062/185259','0517/479630','Francois@gmail.com','Prof.','Mw.','Nl',1),('714','1197','Gerits','Steffi','072/659749','0692/1009472','Steffi@gmail.com','Ing','Mw.','En',1),('716','1199','Vandenbussche','Luc','077/693475','0780/440629','Luc@gmail.com','Dr.','Mr.','En',1),('717','1213','Aendekerk','Ann-Sophie','090/805708','0402/624062','Ann-Sophie@gmail.com','Ir','Jhr.','En',1),('718','1213','Brebels','Dirk','084/195117','0752/228205','Dirk@gmail.com','Ing','Jhr.','De',1),('719','1213','Vliegen','Rudolf','072/598752','0493/659812','Rudolf@gmail.com','Prof.','Jhr.','De',1),('720','1213','Leppens','Peggy','082/652863','0714/307876','Peggy@gmail.com','Ir','Juf.','De',1),('721','1213','Brebels','Nancy','022/692181','0688/456620','Nancy@gmail.com','Ir','Juf.','Nl',1),('722','1214','Langens','Peggy','085/510500','0551/452873','Peggy@gmail.com','Baron','Juf.','En',1),('723','1214','Juncker','Steven','092/997128','0599/265559','Steven@gmail.com','Ir','Mr.','De',1),('724','1214','Vangrootloon','Steffi','015/655436','0415/432351','Steffi@gmail.com','Baron','Jhr.','Nl',1),('725','1214','Langens','Luc','095/214836','0825/737787','Luc@gmail.com','Hertog','Mw.','De',1),('726','1214','Coninckx','Luc','065/619051','0661/974500','Luc@gmail.com','Prof.','Mr.','En',1),('727','1215','Franckaerts','Rudy','026/263933','0715/508850','Rudy@gmail.com','Lic','Mr.','En',1),('728','1215','Eerdekens','Dirk','09/999417','0746/337920','Dirk@gmail.com','Hertog','Mw.','Fr',1),('729','1215','Coninckx','Rudolf','080/798556','0811/211274','Rudolf@gmail.com','Hertog','Mw.','De',1),('730','1215','Vandender','Rudolf','044/264152','0419/1060890','Rudolf@gmail.com','Dr.','Mr.','De',1),('731','1215','Vliegen','Erik','048/1003524','0502/811293','Erik@gmail.com','Baron','Jhr.','Nl',1),('732','1216','Cortens','Charlotte','097/198024','0561/912753','Charlotte@gmail.com','Ing','Mr.','En',1),('733','1216','Leppens','Lowie','040/872979','0483/1006374','Lowie@gmail.com','Ir','Jhr.','Fr',1),('734','1216','Vandenbussche','Dirk','078/1069882','0657/966176','Dirk@gmail.com','Dr.','Mr.','Fr',1),('735','1216','Vliegen','Fred','093/536564','0707/584409','Fred@gmail.com','Dr.','Mw.','Nl',1),('736','1216','Vandender','Fred','087/223325','0667/952661','Fred@gmail.com','Lic','Mr.','Fr',1),('737','1217','Vliegen','Francois','069/996150','0618/1098035','Francois@gmail.com','Hertog','Mw.','En',1),('738','1217','Langens','Fred','088/263997','0446/617437','Fred@gmail.com','Baron','Juf.','Fr',1),('739','1217','Gerits','Charlotte','024/197890','0628/529234','Charlotte@gmail.com','Hertog','Juf.','Nl',1),('740','1217','Styven','Gert','060/253777','0557/399804','Gert@gmail.com','Dr.','Mw.','Fr',1),('741','1217','Cortens','Rudolf','057/262924','0794/473446','Rudolf@gmail.com','Ir','Juf.','En',1),('742','1218','Vandenbussche','Charlotte','085/763613','0467/720945','Charlotte@gmail.com','Dr.','Mw.','En',1),('743','1218','Franckaerts','Gert','012/792666','0781/1043872','Gert@gmail.com','Hertog','Juf.','Nl',1),('744','1218','Gerits','Luc','086/245766','0537/418862','Luc@gmail.com','Hertog','Mr.','De',1),('745','1218','Eerdekens','Niko','092/1069606','0689/645558','Niko@gmail.com','Dr.','Mr.','De',1),('746','1218','Aendekerk','Rudolf','038/483009','0750/943426','Rudolf@gmail.com','Hertog','Mr.','En',1),('747','1219','Ankersmidt','Rudy','060/379461','0416/290532','Rudy@gmail.com','Prof.','Jhr.','Fr',1),('748','1219','Langens','Peggy','087/819297','0609/658579','Peggy@gmail.com','Prof.','Mr.','Fr',1),('749','1219','Kelchtermans','Jef','030/558056','0621/772264','Jef@gmail.com','Ir','Mw.','En',1),('750','1219','Paesen','Erik','028/351336','0627/1027766','Erik@gmail.com','Ir','Mw.','Nl',1),('751','1219','Franckaerts','Fred','016/750542','0792/578216','Fred@gmail.com','Ing','Juf.','De',1),('752','1220','Ankersmidt','Nancy','092/644512','0763/655557','Nancy@gmail.com','Prof.','Juf.','Nl',1),('753','1220','Kelchtermans','Rudolf','048/656786','0765/815877','Rudolf@gmail.com','Hertog','Jhr.','Nl',1),('754','1220','Eerdekens','Steven','099/106767','0845/291313','Steven@gmail.com','Baron','Juf.','Nl',1),('755','1220','Kelchtermans','Charlotte','031/1075028','0748/416150','Charlotte@gmail.com','Dr.','Mw.','Fr',1),('756','1220','Stassen','Rudolf','068/917921','0514/953103','Rudolf@gmail.com','Lic','Mw.','De',1),('757','1221','Vanoosterhout','Nancy','041/1047217','0529/162477','Nancy@gmail.com','Baron','Mr.','De',1),('758','1221','Cortens','Peggy','042/246356','0592/618986','Peggy@gmail.com','Hertog','Jhr.','Nl',1),('759','1221','Vandenbussche','Steven','078/733262','0640/312806','Steven@gmail.com','Dr.','Juf.','Fr',1),('760','1221','Juncker','Jaak','023/104824','0807/1030555','Jaak@gmail.com','Ir','Juf.','Nl',1),('761','1221','Brebels','Nancy','090/258147','0852/829919','Nancy@gmail.com','Ing','Mw.','De',1),('762','1222','Coninckx','Lowie','088/148568','0847/553039','Lowie@gmail.com','Dr.','Jhr.','En',1),('763','1222','Coninckx','Fred','018/428168','0646/229991','Fred@gmail.com','Prof.','Juf.','En',1),('764','1222','Jehoul','Steffi','067/118079','0569/944467','Steffi@gmail.com','Hertog','Mr.','Nl',1),('765','1222','Achten','Luc','078/513156','0888/285466','Luc@gmail.com','Hertog','Mw.','De',1),('766','1222','Simons','Niko','09/699465','0620/199691','Niko@gmail.com','Prof.','Mr.','Fr',1),('767','1224','Kelchtermans','Steven','086/425547','0570/467493','Steven@gmail.com','Prof.','Mw.','Nl',1),('768','1224','Brebels','Steven','09/295691','0538/845850','Steven@gmail.com','Dr.','Mr.','De',1),('769','1224','Styven','Fred','011/364183','0838/921915','Fred@gmail.com','Ing','Juf.','De',1),('770','1224','Vliegen','Charlotte','083/275467','0668/749325','Charlotte@gmail.com','Baron','Mr.','Fr',1),('771','1224','Cortens','Chris','033/874812','0486/955215','Chris@gmail.com','Ing','Juf.','En',1),('772','1225','Vandenbussche','Steven','031/311003','0561/1099887','Steven@gmail.com','Prof.','Mr.','En',1),('773','1225','Vangrootloon','Francois','041/721934','0519/822664','Francois@gmail.com','Ir','Mw.','En',1),('774','1225','Ankersmidt','Fred','05/438433','0464/977469','Fred@gmail.com','Dr.','Juf.','Nl',1),('775','1225','Kelchtermans','Nancy','014/806692','0601/889748','Nancy@gmail.com','Hertog','Mw.','Fr',1),('776','1225','Casters','Dirk','021/926922','0785/633320','Dirk@gmail.com','Ing','Jhr.','De',1),('777','1226','Aendekerk','Gert','085/1099339','0510/571849','Gert@gmail.com','Prof.','Jhr.','Nl',1),('778','1226','Kelchtermans','Niko','081/626603','0713/713065','Niko@gmail.com','Lic','Mr.','Fr',1),('779','1226','Juncker','Rudy','070/839120','0781/347017','Rudy@gmail.com','Dr.','Jhr.','En',1),('780','1226','Casters','Nancy','03/801482','0747/853618','Nancy@gmail.com','Dr.','Mr.','De',1),('781','1226','Casters','Steven','077/973365','0546/906124','Steven@gmail.com','Ir','Mw.','Nl',1),('782','1227','Langens','Steffi','040/630912','0742/967331','Steffi@gmail.com','Prof.','Mw.','De',1),('783','1227','Franckaerts','Peggy','09/567090','0641/264154','Peggy@gmail.com','Prof.','Mr.','Nl',1),('784','1227','Styven','Steven','064/1003464','0794/513699','Steven@gmail.com','Ing','Juf.','En',1),('785','1227','Brebels','Jaak','038/501365','0675/177678','Jaak@gmail.com','','Jhr.','Nl',1),('786','1227','Vliegen','Jaak','099/1058687','0857/530567','Jaak@gmail.com','Dr.','Mr.','Nl',1),('787','1228','Paesen','Gert','098/864328','0820/153220','Gert@gmail.com','Lic','Jhr.','Fr',1),('788','1228','Styven','Rudy','040/833564','0587/670751','Rudy@gmail.com','Baron','Jhr.','En',1),('789','1228','Leppens','Gert','026/422760','0716/849119','Gert@gmail.com','Lic','Jhr.','De',1),('790','1228','Styven','Dirk','021/681211','0814/595396','Dirk@gmail.com','Hertog','Mr.','De',1),('791','1228','Vandenbussche','Patrick','091/201317','0848/986156','Patrick@gmail.com','Hertog','Mr.','De',1),('792','1229','Vangrootloon','Gert','09/328641','0603/587319','Gert@gmail.com','Dr.','Juf.','Fr',1),('793','1229','Leppens','Chris','059/929919','0402/298697','Chris@gmail.com','Prof.','Jhr.','De',1),('794','1229','Brebels','Rudy','058/574897','0578/471842','Rudy@gmail.com','Baron','Jhr.','Fr',1),('795','1229','Gerits','Charlotte','056/277940','0640/159706','Charlotte@gmail.com','Ing','Jhr.','De',1),('796','1229','Achten','Jaak','092/789051','0631/720020','Jaak@gmail.com','Lic','Juf.','Fr',1),('797','1230','Langens','Nancy','03/670904','0735/772549','Nancy@gmail.com','Ir','Juf.','En',1),('798','1230','Ankersmidt','Francois','090/266151','0620/164216','Francois@gmail.com','Lic','Juf.','De',1),('799','1230','Langens','Steven','055/562314','0435/885060','Steven@gmail.com','Lic','Mw.','Nl',1),('800','1230','Brebels','Fred','08/953913','0460/489222','Fred@gmail.com','Lic','Juf.','De',1),('801','1230','Langens','Charlotte','016/589093','0605/952681','Charlotte@gmail.com','Hertog','Mw.','De',1),('802','1231','Stassen','Steven','040/881442','0738/819626','Steven@gmail.com','Hertog','Juf.','Fr',1),('803','1231','Kelchtermans','Gert','064/968496','0502/167112','Gert@gmail.com','Dr.','Jhr.','Fr',1),('804','1231','Simons','Gert','015/1012058','0836/126037','Gert@gmail.com','Lic','Jhr.','De',1),('805','1231','Vliegen','Gert','061/560018','0702/797074','Gert@gmail.com','Baron','Juf.','De',1),('806','1231','Paesen','Lowie','092/580464','0670/741045','Lowie@gmail.com','Baron','Jhr.','En',1),('807','1232','Achten','Francois','025/949246','0622/950197','Francois@gmail.com','Baron','Mw.','En',1),('808','1232','Stassen','Fred','091/864791','0497/485655','Fred@gmail.com','Ir','Juf.','Nl',1),('809','1232','Vanoosterhout','Steffi','048/445506','0897/749509','Steffi@gmail.com','Lic','Mr.','Fr',1),('810','1232','Franckaerts','Jef','058/324036','0823/811723','Jef@gmail.com','Lic','Juf.','De',1),('811','1232','Simons','Steven','07/587535','0447/1032013','Steven@gmail.com','Baron','Juf.','Nl',1),('812','1233','Jehoul','Peggy','064/863694','0759/467909','Peggy@gmail.com','Dr.','Jhr.','Fr',1),('813','1233','Stassen','Luc','041/932563','0489/536418','Luc@gmail.com','Hertog','Mw.','Nl',1),('814','1233','Vliegen','Rudy','017/854044','0530/133433','Rudy@gmail.com','Ir','Mw.','En',1),('815','1233','Simons','Charlotte','075/879728','0713/754740','Charlotte@gmail.com','Prof.','Mw.','De',1),('816','1233','Casters','Rudolf','010/875837','0494/261753','Rudolf@gmail.com','Ing','Jhr.','Fr',1),('820','1199','Gerits','Joris','0123456','01478520','jgerits@gmail.com','','Jhr.','Nl',1),('821','1228','Uyterhoeve','Marc','1456987','123654878','m.uyterhoeve@gmail.com','','Mr.','Du',1),('822','1240','Parrondo','Carlos','74108520','798465879465','carlos@ibs.net','','Mr.','En',1),('823','1211','Gerrits','Jors','123456789','147852369','joris@gerrits.be','','Jhr.','Nl',1),('824','1190','Vanvelthoven','Jaak','1234567878','14523698','vanvelthoven@keramo.be','','Mr.','Nl',1),('825','1183','Heyninkx','Guy','123456789','258963147','gheyninkx@hotmail.com','','Mr.','Nl',1),('826','1209','Eerdekens','Jaak','012345678','147852963','jaak@stassen.be','','Mr.','Nl',1),('827','1196','Lodewijckx','Louisa','7418/52963','8/52963741','louisa@breka.be','','Mw.','Nl',1),('828','1238','Feyen','Rob','+3216258963','+32496258789','rob@edibo.be','','Mr.','Nl',1),('829','1204','Paesen','Mathy','+3216227147','+32495369305','mpaesen@gmail.com','','Mr.','Nl',1),('830','1208','Meeks','Josefien','1231123123','23131132','josefien@ACD.be','Baron','Juf.','Nl',1),('831','1250','Paesen','Mathy','+32 16 227147','+32495369305','mpaesen@gmail.com','','Mr.','Nl',1),('832','1252','Goossens','Paul','+3216302041','','paul.goossens@groept.be','Dir','Mr.','Nl',1),('833','1252','Leppens','Nancy','','','','','Mw.','Nl',0),('834','1252','Paesen','Mathy','+3216301040','','mathy.paesen@groept.be','Doc','Mr.','Nl',1);
/*!40000 ALTER TABLE `contact` ENABLE KEYS */;
UNLOCK TABLES;

--
-- Table structure for table `invoice`
--

DROP TABLE IF EXISTS `invoice`;
/*!40101 SET @saved_cs_client     = @@character_set_client */;
/*!40101 SET character_set_client = utf8 */;
CREATE TABLE `invoice` (
  `idInvoice` char(15) NOT NULL,
  `invcusid` char(15) DEFAULT NULL COMMENT 'Customer/Prospect id',
  `invaddid` char(15) DEFAULT NULL COMMENT 'Delivery address id',
  `invDlvAddId` char(15) DEFAULT NULL,
  `invcrtdate` datetime DEFAULT NULL COMMENT 'Quote creation date',
  `invcrtuserid` char(15) DEFAULT NULL COMMENT 'Creation user',
  `invupddate` datetime DEFAULT NULL COMMENT 'Last update date.',
  `invupduserid` char(15) DEFAULT NULL COMMENT 'Last update user id',
  `invDate` date NOT NULL,
  `invduedate` date NOT NULL COMMENT 'Due date',
  `invStatus` char(5) NOT NULL COMMENT 'Quote status. Values are predefined in Code Tables. f.e. W(Work in progress), C(confirmed), O(ordered), D(declined)',
  `invType` char(5) NOT NULL COMMENT 'Quote Type. Values are predefined in Code Tables. f.e. O (price offer), P(Proposal)',
  `invVat` tinyint(1) NOT NULL COMMENT 'Liable for Vat',
  `invHeaderComments` varchar(256) DEFAULT NULL,
  `Active` tinyint(1) NOT NULL COMMENT 'Active (T/F)',
  PRIMARY KEY (`idInvoice`),
  KEY `FK_QTECustomer` (`invcusid`),
  KEY `FK_QTEAddress` (`invaddid`),
  KEY `FK_InvStatus` (`invStatus`),
  KEY `FK_InvType` (`invType`),
  KEY `FK_InvDlvAddId` (`invDlvAddId`),
  CONSTRAINT `FK_InvAddress` FOREIGN KEY (`invaddid`) REFERENCES `address` (`idAddress`),
  CONSTRAINT `FK_InvCustomer` FOREIGN KEY (`invcusid`) REFERENCES `customer` (`idCus`),
  CONSTRAINT `FK_InvDlvAddId` FOREIGN KEY (`invDlvAddId`) REFERENCES `address` (`idAddress`)
) ENGINE=InnoDB DEFAULT CHARSET=latin1 COMMENT='This table contains invoices en credit notes.';
/*!40101 SET character_set_client = @saved_cs_client */;

--
-- Dumping data for table `invoice`
--

LOCK TABLES `invoice` WRITE;
/*!40000 ALTER TABLE `invoice` DISABLE KEYS */;
INSERT INTO `invoice` VALUES ('201100061','1163','201','201','2011-12-04 00:00:00','1','2011-12-04 00:00:00','1','2011-12-01','2011-12-04','O','I',1,'',1),('201100062','1163','201','201','2011-12-04 00:00:00','1','2011-12-04 00:00:00','1','2011-12-01','2011-12-04','P','I',1,'',1),('201100063','1163','201','201','2011-12-04 00:00:00','1','2011-12-04 00:00:00','1','2011-12-01','2011-12-04','O','I',1,'',1),('201100064','1163','201','201','2011-12-04 00:00:00','1','2011-12-04 00:00:00','1','2011-12-01','2011-12-04','C','I',1,'',1),('201100065','1163','201','201','2011-12-04 00:00:00','1','2011-12-04 00:00:00','1','2011-12-01','2011-12-04','O','I',1,'',1),('201100066','1164','201','201','2011-12-04 00:00:00','1','2011-12-04 00:00:00','1','2011-12-01','2011-12-04','P','I',1,'',0),('201100067','1164','201','201','2011-12-04 00:00:00','1','2011-12-04 00:00:00','1','2011-12-01','2011-12-04','C','I',1,'',0),('201100068','1164','201','201','2011-12-04 00:00:00','1','2011-12-04 00:00:00','1','2011-12-01','2011-12-04','O','I',1,'',0),('201100069','1164','201','201','2011-12-04 00:00:00','1','2011-12-04 00:00:00','1','2011-12-01','2011-12-04','C','I',1,'',0),('201100070','1164','201','201','2011-12-04 00:00:00','1','2011-12-04 00:00:00','1','2011-12-01','2011-12-04','C','I',1,'',0),('201100071','1165','201','201','2011-12-04 00:00:00','1','2011-12-04 00:00:00','1','2011-12-01','2011-12-04','O','I',1,'',1),('201100072','1165','201','201','2011-12-04 00:00:00','1','2011-12-04 00:00:00','1','2011-12-01','2011-12-04','O','I',1,'',1),('201100073','1165','201','201','2011-12-04 00:00:00','1','2011-12-04 00:00:00','1','2011-12-01','2011-12-04','O','I',1,'',1),('201100074','1165','201','201','2011-12-04 00:00:00','1','2011-12-04 00:00:00','1','2011-12-01','2011-12-04','C','I',1,'',1),('201100075','1165','201','201','2011-12-04 00:00:00','1','2011-12-04 00:00:00','1','2011-12-01','2011-12-04','O','I',1,'',1),('201100076','1166','201','201','2011-12-04 00:00:00','1','2011-12-04 00:00:00','1','2011-12-01','2011-12-04','C','I',1,'',1),('201100077','1166','201','201','2011-12-04 00:00:00','1','2011-12-04 00:00:00','1','2011-12-01','2011-12-04','O','I',1,'',1),('201100078','1166','211','211','2012-01-08 00:00:00','1','2012-01-08 00:00:00','1','2012-01-08','2012-01-08','C','I',0,'',1),('201100079','1166','201','201','2011-12-04 00:00:00','1','2011-12-04 00:00:00','1','2011-12-01','2011-12-04','O','I',1,'',1),('201100080','1166','201','201','2011-12-04 00:00:00','1','2011-12-04 00:00:00','1','2011-12-01','2011-12-04','C','I',1,'',1),('201100081','1167','201','201','2011-12-04 00:00:00','1','2011-12-04 00:00:00','1','2011-12-01','2011-12-04','P','I',1,'',1),('201100082','1167','201','201','2011-12-04 00:00:00','1','2011-12-04 00:00:00','1','2011-12-01','2011-12-04','O','I',1,'',1),('201100083','1167','201','201','2011-12-04 00:00:00','1','2011-12-04 00:00:00','1','2011-12-01','2011-12-04','O','I',1,'',1),('201100084','1167','212','212','2012-01-08 00:00:00','1','2012-01-08 00:00:00','1','2012-01-08','2012-01-08','O','I',1,'',1),('201100085','1167','212','212','2012-01-23 00:00:00','1','2012-01-23 00:00:00','1','2011-12-01','2011-12-04','P','I',1,'',1),('201100086','1168','201','201','2011-12-04 00:00:00','1','2011-12-04 00:00:00','1','2011-12-01','2011-12-04','O','I',1,'',0),('201100087','1168','201','201','2011-12-04 00:00:00','1','2011-12-04 00:00:00','1','2011-12-01','2011-12-04','O','I',1,'',0),('201100088','1168','201','201','2011-12-04 00:00:00','1','2011-12-04 00:00:00','1','2011-12-01','2011-12-04','O','I',1,'',0),('201100089','1168','201','201','2011-12-04 00:00:00','1','2011-12-04 00:00:00','1','2011-12-01','2011-12-04','C','I',1,'',0),('201100090','1168','201','201','2011-12-04 00:00:00','1','2011-12-04 00:00:00','1','2011-12-01','2011-12-04','O','I',1,'',0),('201100091','1169','218','218','2012-01-23 00:00:00','1','2012-01-23 00:00:00','1','2011-12-01','2011-12-04','P','I',1,'',1),('201100092','1169','201','201','2011-12-04 00:00:00','1','2011-12-04 00:00:00','1','2011-12-01','2011-12-04','C','I',1,'',1),('201100093','1169','201','201','2011-12-04 00:00:00','1','2011-12-04 00:00:00','1','2011-12-01','2011-12-04','O','I',1,'',1),('201100094','1169','220','220','2012-01-24 00:00:00','1','2012-01-24 00:00:00','1','2011-12-01','2011-12-04','C','I',1,'',1),('201100095','1169','201','201','2011-12-04 00:00:00','1','2011-12-04 00:00:00','1','2011-12-01','2011-12-04','O','I',1,'',1),('201100096','1170','201','201','2011-12-04 00:00:00','1','2011-12-04 00:00:00','1','2011-12-01','2011-12-04','C','I',1,'',0),('201100097','1170','201','201','2011-12-04 00:00:00','1','2011-12-04 00:00:00','1','2011-12-01','2011-12-04','O','I',1,'',0),('201100098','1170','201','201','2011-12-04 00:00:00','1','2011-12-04 00:00:00','1','2011-12-01','2011-12-04','C','I',1,'',0),('201100099','1170','201','201','2011-12-04 00:00:00','1','2011-12-04 00:00:00','1','2011-12-01','2011-12-04','C','I',1,'',0),('201100100','1170','201','201','2011-12-04 00:00:00','1','2011-12-04 00:00:00','1','2011-12-01','2011-12-04','O','I',1,'',0),('201100101','1171','201','201','2011-12-04 00:00:00','1','2011-12-04 00:00:00','1','2011-12-01','2011-12-04','O','I',1,'',1),('201100102','1171','201','201','2011-12-04 00:00:00','1','2011-12-04 00:00:00','1','2011-12-01','2011-12-04','P','I',1,'',1),('201100103','1171','201','201','2011-12-04 00:00:00','1','2011-12-04 00:00:00','1','2011-12-01','2011-12-04','O','I',1,'',1),('201100104','1171','201','201','2011-12-04 00:00:00','1','2011-12-04 00:00:00','1','2011-12-01','2011-12-04','P','I',1,'',1),('201100105','1171','201','201','2011-12-04 00:00:00','1','2011-12-04 00:00:00','1','2011-12-01','2011-12-04','O','I',1,'',1),('201100106','1172','201','201','2011-12-04 00:00:00','1','2011-12-04 00:00:00','1','2011-12-01','2011-12-04','O','I',1,'',1),('201100107','1172','201','201','2011-12-04 00:00:00','1','2011-12-04 00:00:00','1','2011-12-01','2011-12-04','P','I',1,'',1),('201100108','1172','201','201','2011-12-04 00:00:00','1','2011-12-04 00:00:00','1','2011-12-01','2011-12-04','P','I',1,'',1),('201100109','1172','201','201','2011-12-04 00:00:00','1','2011-12-04 00:00:00','1','2011-12-01','2011-12-04','P','I',1,'',1),('201100110','1172','201','201','2011-12-04 00:00:00','1','2011-12-04 00:00:00','1','2011-12-01','2011-12-04','C','I',1,'',1),('201100111','1208','251','251','2011-12-04 00:00:00','1','2011-12-04 00:00:00','1','2011-12-01','2011-12-04','C','I',1,'',1),('201100112','1209','252','252','2011-12-04 00:00:00','1','2011-12-04 00:00:00','1','2011-12-01','2011-12-04','O','I',1,'',1),('201100113','1223','284','284','2012-11-03 00:00:00','1','2012-11-03 00:00:00','1','2011-12-01','2011-12-06','P','I',1,'',1),('201100114','1224','286','286','2011-12-06 00:00:00','1','2011-12-06 00:00:00','1','2011-12-01','2011-12-06','P','I',1,'',1),('201100115','1224','286','286','2011-12-06 00:00:00','1','2011-12-06 00:00:00','1','2011-12-01','2011-12-06','O','I',1,'',1),('201100116','1224','286','286','2011-12-06 00:00:00','1','2011-12-06 00:00:00','1','2011-12-01','2011-12-06','C','I',1,'',1),('201100117','1224','286','286','2011-12-06 00:00:00','1','2011-12-06 00:00:00','1','2011-12-01','2011-12-06','C','I',1,'',1),('201100118','1224','286','286','2011-12-06 00:00:00','1','2011-12-06 00:00:00','1','2011-12-01','2011-12-06','P','I',1,'',1),('201100119','1225','286','286','2011-12-06 00:00:00','1','2011-12-06 00:00:00','1','2011-12-01','2011-12-06','P','I',1,'',1),('201100120','1225','286','286','2011-12-06 00:00:00','1','2011-12-06 00:00:00','1','2011-12-01','2011-12-06','O','I',1,'',1),('201100121','1225','286','286','2011-12-06 00:00:00','1','2011-12-06 00:00:00','1','2011-12-01','2011-12-06','O','I',1,'',1),('201100122','1225','286','286','2011-12-06 00:00:00','1','2011-12-06 00:00:00','1','2011-12-01','2011-12-06','C','I',1,'',1),('201100123','1225','286','286','2011-12-06 00:00:00','1','2011-12-06 00:00:00','1','2011-12-01','2011-12-06','O','I',1,'',0),('201100124','1226','286','286','2011-12-06 00:00:00','1','2011-12-06 00:00:00','1','2011-12-01','2011-12-06','C','I',1,'',1),('201100125','1226','292','292','2012-01-29 00:00:00','1','2012-01-29 00:00:00','1','2012-01-08','2012-01-08','P','I',0,'Uw Referentie',1),('201100126','1226','286','286','2011-12-06 00:00:00','1','2011-12-06 00:00:00','1','2011-12-01','2011-12-06','C','I',1,'',1),('201100127','1226','292','292','2012-01-24 00:00:00','1','2012-01-24 00:00:00','1','2011-12-01','2011-12-06','C','I',1,'hier komt de referentie\nmag over meerdere\nlijnen verspreid zijn',1),('201100128','1226','292','292','2012-01-08 00:00:00','1','2012-01-08 00:00:00','1','2012-01-08','2012-01-08','C','I',0,'',1),('201100129','1227','286','286','2011-12-06 00:00:00','1','2011-12-06 00:00:00','1','2011-12-01','2011-12-06','C','I',1,'',1),('201100130','1227','294','294','2012-02-01 00:00:00','1','2012-02-01 00:00:00','1','2011-12-01','2011-12-06','P','I',1,'Uw bestelling van 1 jan 2012',1),('201100131','1227','286','286','2011-12-06 00:00:00','1','2011-12-06 00:00:00','1','2011-12-01','2011-12-06','C','I',1,'',1),('201100132','1227','286','286','2011-12-06 00:00:00','1','2011-12-06 00:00:00','1','2011-12-01','2011-12-06','C','I',1,'',1),('201100133','1227','286','286','2011-12-06 00:00:00','1','2011-12-06 00:00:00','1','2011-12-01','2011-12-06','P','I',1,'',1),('201100134','1228','286','286','2011-12-06 00:00:00','1','2011-12-06 00:00:00','1','2011-12-01','2011-12-06','O','I',1,'',1),('201100135','1228','323','323','2012-01-08 00:00:00','1','2012-01-08 00:00:00','1','2012-01-08','2012-01-08','O','I',1,'',1),('201100136','1228','286','286','2011-12-06 00:00:00','1','2011-12-06 00:00:00','1','2011-12-01','2011-12-06','C','I',1,'',1),('201100137','1228','286','286','2011-12-06 00:00:00','1','2011-12-06 00:00:00','1','2011-12-01','2011-12-06','C','I',1,'',1),('201100138','1228','286','286','2011-12-06 00:00:00','1','2011-12-06 00:00:00','1','2011-12-01','2011-12-06','P','I',1,'',1),('201100139','1229','286','286','2011-12-06 00:00:00','1','2011-12-06 00:00:00','1','2011-12-01','2011-12-06','P','I',1,'',0),('201100140','1229','286','286','2011-12-06 00:00:00','1','2011-12-06 00:00:00','1','2011-12-01','2011-12-06','O','I',1,'',0),('201100141','1229','286','286','2011-12-06 00:00:00','1','2011-12-06 00:00:00','1','2011-12-01','2011-12-06','O','I',1,'',0),('201100142','1229','286','286','2011-12-06 00:00:00','1','2011-12-06 00:00:00','1','2011-12-01','2011-12-06','P','I',1,'',0),('201100143','1229','286','286','2011-12-06 00:00:00','1','2011-12-06 00:00:00','1','2011-12-01','2011-12-06','C','I',1,'',0),('201100144','1230','286','286','2011-12-06 00:00:00','1','2011-12-06 00:00:00','1','2011-12-01','2011-12-06','P','I',1,'',0),('201100145','1230','286','286','2011-12-06 00:00:00','1','2011-12-06 00:00:00','1','2011-12-01','2011-12-06','P','I',1,'',0),('201100146','1230','286','286','2011-12-06 00:00:00','1','2011-12-06 00:00:00','1','2011-12-01','2011-12-06','O','I',1,'',0),('201100147','1230','286','286','2011-12-06 00:00:00','1','2011-12-06 00:00:00','1','2011-12-01','2011-12-06','C','I',1,'',0),('201100148','1230','286','286','2011-12-06 00:00:00','1','2011-12-06 00:00:00','1','2011-12-01','2011-12-06','P','I',1,'',0),('201100149','1231','286','286','2011-12-06 00:00:00','1','2011-12-06 00:00:00','1','2011-12-01','2011-12-06','P','I',1,'',0),('201100150','1231','286','286','2011-12-06 00:00:00','1','2011-12-06 00:00:00','1','2011-12-01','2011-12-06','C','I',1,'',0),('201100151','1231','286','286','2011-12-06 00:00:00','1','2011-12-06 00:00:00','1','2011-12-01','2011-12-06','P','I',1,'',0),('201100152','1231','286','286','2011-12-06 00:00:00','1','2011-12-06 00:00:00','1','2011-12-01','2011-12-06','P','I',1,'',0),('201100153','1231','286','286','2011-12-06 00:00:00','1','2011-12-06 00:00:00','1','2011-12-01','2011-12-06','O','I',1,'',0),('201100154','1232','286','286','2011-12-06 00:00:00','1','2011-12-06 00:00:00','1','2011-12-01','2011-12-06','O','I',1,'',1),('201100155','1232','286','286','2011-12-06 00:00:00','1','2011-12-06 00:00:00','1','2011-12-01','2011-12-06','C','I',1,'',1),('201100156','1232','286','286','2011-12-06 00:00:00','1','2011-12-06 00:00:00','1','2011-12-01','2011-12-06','C','I',1,'',1),('201100157','1232','286','286','2011-12-06 00:00:00','1','2011-12-06 00:00:00','1','2011-12-01','2011-12-06','C','I',1,'',1),('201100158','1232','286','286','2011-12-06 00:00:00','1','2011-12-06 00:00:00','1','2011-12-01','2011-12-06','O','I',1,'',1),('201100159','1233','286','286','2011-12-06 00:00:00','1','2011-12-06 00:00:00','1','2011-12-01','2011-12-06','O','I',1,'',0),('201100160','1233','286','286','2011-12-06 00:00:00','1','2011-12-06 00:00:00','1','2011-12-01','2011-12-06','O','I',1,'',0),('201100161','1233','286','286','2011-12-06 00:00:00','1','2011-12-06 00:00:00','1','2011-12-01','2011-12-06','P','I',1,'',0),('201100162','1233','286','286','2011-12-06 00:00:00','1','2011-12-06 00:00:00','1','2011-12-01','2011-12-06','C','I',1,'',0),('201100163','1233','286','286','2011-12-06 00:00:00','1','2011-12-06 00:00:00','1','2011-12-01','2011-12-06','P','I',1,'',0),('201200004','1227','296','296','2012-01-07 00:00:00','1','2012-01-07 00:00:00','1','2012-01-07','2012-01-07','O','I',1,'',1),('201200005','1172','228','228','2012-01-08 00:00:00','1','2012-01-08 00:00:00','1','2012-01-08','2012-01-08','O','I',1,'',1),('201200006','1166','211','211','2012-01-08 00:00:00','1','2012-01-08 00:00:00','1','2012-01-08','2012-01-08','O','I',0,'',1),('201200009','1232','309','309','2012-01-08 00:00:00','1','2012-01-08 00:00:00','1','2012-01-08','2012-01-08','O','I',1,'',0),('201200010','1232','310','310','2012-01-08 00:00:00','1','2012-01-08 00:00:00','1','2012-01-08','2012-01-08','O','I',1,'',1),('201200011','1232','309','309','2012-01-08 00:00:00','1','2012-01-08 00:00:00','1','2012-01-08','2012-01-08','O','I',1,'',0),('201200012','1167','212','212','2012-01-08 00:00:00','1','2012-01-08 00:00:00','1','2012-01-08','2012-01-08','O','I',1,'',0),('201200013','1167','212','212','2012-01-08 00:00:00','1','2012-01-08 00:00:00','1','2012-01-08','2012-01-08','O','I',1,'',0),('201200014','1232','310','310','2012-01-08 00:00:00','1','2012-01-08 00:00:00','1','2012-01-08','2012-01-08','C','I',1,'',1),('201200015','1163','201','201','2012-01-08 00:00:00','1','2012-01-08 00:00:00','1','2012-01-08','2012-01-08','P','I',1,'',1),('201200016','1226','291','291','2012-01-29 00:00:00','1','2012-01-29 00:00:00','1','2012-01-08','2012-01-08','P','I',1,'',1),('201200017','1232','311','309','2012-05-01 00:00:00','1','2012-05-01 00:00:00','1','2012-01-08','2012-01-08','P','I',1,'',1),('201200018','1232','311','311','2012-01-08 00:00:00','1','2012-01-08 00:00:00','1','2012-01-08','2012-01-08','P','I',1,'',1),('201200019','1172','227','227','2012-01-08 00:00:00','1','2012-01-08 00:00:00','1','2012-01-08','2012-01-08','P','I',0,'',1),('201200023','1224','285','287','2012-05-01 00:00:00','1','2012-05-01 00:00:00','1','2012-02-25','2012-02-29','P','I',0,'',1),('201200024','1208','251','334','2012-05-01 00:00:00','1','2012-05-01 00:00:00','1','2012-05-01','2012-05-31','P','I',1,'test',1),('201200025','1204','333','247','2012-05-01 00:00:00','1','2012-05-01 00:00:00','1','2012-05-01','2012-05-31','P','I',1,'test',1),('201200026','1204','333','247','2012-05-01 00:00:00','1','2012-05-01 00:00:00','1','2012-05-31','2012-06-30','O','I',1,'Speciaal',1),('201200027','1232','311','309','2012-05-01 00:00:00','1','2012-05-01 00:00:00','1','2012-05-01','2012-05-31','P','I',1,'Prijsvoorstel',1),('201200028','1197','340','340','2012-10-02 00:00:00','1','2012-10-02 00:00:00','1','2012-05-01','2012-05-31','P','I',0,'',1),('201200029','1169','219','220','2012-09-23 00:00:00','1','2012-09-23 00:00:00','1','2012-05-16','2012-05-31','P','I',1,'test',1),('201200030','1210','253','253','2012-09-23 00:00:00','1','2012-09-23 00:00:00','1','2012-09-23','2012-10-23','O','I',1,'Test',1),('2012001','1169','220','220','2012-01-24 00:00:00','1','2012-01-24 00:00:00','1','2012-01-24','2012-02-23','P','C',1,'Credit nota voor Factuur: 201100094',1),('2012002','1226','292','292','2012-01-24 00:00:00','1','2012-01-24 00:00:00','1','2012-01-24','2012-02-23','P','C',1,'Credit nota voor Factuur: 201100127',1);
/*!40000 ALTER TABLE `invoice` ENABLE KEYS */;
UNLOCK TABLES;

--
-- Temporary table structure for view `invoicesview`
--

DROP TABLE IF EXISTS `invoicesview`;
/*!50001 DROP VIEW IF EXISTS `invoicesview`*/;
SET @saved_cs_client     = @@character_set_client;
SET character_set_client = utf8;
/*!50001 CREATE TABLE `invoicesview` (
  `cusName` char(50),
  `cusType` char(5),
  `cusVat` char(15),
  `idInvoice` char(15),
  `invcusid` char(15),
  `invaddid` char(15),
  `invDlvAddId` char(15),
  `invcrtdate` datetime,
  `invcrtuserid` char(15),
  `invupddate` datetime,
  `invupduserid` char(15),
  `invDate` date,
  `invduedate` date,
  `invStatus` char(5),
  `invType` char(5),
  `invVat` tinyint(1),
  `invHeaderComments` varchar(256),
  `Active` tinyint(1)
) ENGINE=MyISAM */;
SET character_set_client = @saved_cs_client;

--
-- Table structure for table `invoicedetail`
--

DROP TABLE IF EXISTS `invoicedetail`;
/*!40101 SET @saved_cs_client     = @@character_set_client */;
/*!40101 SET character_set_client = utf8 */;
CREATE TABLE `invoicedetail` (
  `idInvoice` char(15) NOT NULL COMMENT 'Invoice ID',
  `invDetLine` int(3) NOT NULL COMMENT 'Invoice Detail Line number.',
  `invprodid` char(15) DEFAULT NULL COMMENT 'Invoice detail product id',
  `invQty` decimal(7,2) NOT NULL COMMENT 'Invoice Quantity',
  `invmeasure` char(5) NOT NULL COMMENT 'Unit of measure',
  `invPrice` decimal(9,2) NOT NULL COMMENT 'Invoice price',
  `invvat` char(5) NOT NULL COMMENT 'Vat %',
  `invComments` varchar(256) DEFAULT NULL,
  `active` tinyint(1) NOT NULL,
  PRIMARY KEY (`idInvoice`,`invDetLine`),
  KEY `FK_Quote` (`idInvoice`),
  KEY `FK_qteProduct` (`invprodid`),
  CONSTRAINT `FK_Invoice` FOREIGN KEY (`idInvoice`) REFERENCES `invoice` (`idInvoice`) ON DELETE CASCADE,
  CONSTRAINT `FK_InvProduc` FOREIGN KEY (`invprodid`) REFERENCES `product` (`idProd`)
) ENGINE=InnoDB DEFAULT CHARSET=latin1 COMMENT='Contains details invoices en credit notes';
/*!40101 SET character_set_client = @saved_cs_client */;

--
-- Dumping data for table `invoicedetail`
--

LOCK TABLES `invoicedetail` WRITE;
/*!40000 ALTER TABLE `invoicedetail` DISABLE KEYS */;
INSERT INTO `invoicedetail` VALUES ('201100061',1,'271',1.03,'wk',0.73,'21','',1),('201100061',2,'271',1.36,'we',0.73,'21','',1),('201100061',3,'271',1.79,'u',0.73,'21','',1),('201100061',4,'271',1.18,'wk',0.73,'21','',1),('201100061',5,'271',1.40,'dg',0.73,'21','',1),('201100061',6,'271',1.84,'md',0.73,'21','',1),('201100061',7,'271',1.23,'md',0.73,'21','',1),('201100061',8,'271',1.07,'u',0.73,'21','',1),('201100062',9,'271',1.10,'we',0.73,'21','',1),('201100062',10,'271',1.70,'u',0.73,'21','',1),('201100062',11,'271',1.09,'md',0.73,'21','',1),('201100062',12,'271',1.83,'wk',0.73,'21','',1),('201100062',13,'271',1.07,'wk',0.73,'21','',1),('201100062',14,'271',1.32,'we',0.73,'21','',1),('201100062',15,'271',1.50,'wk',0.73,'21','',1),('201100062',16,'271',1.70,'u',0.73,'21','',1),('201100063',17,'271',1.71,'dg',0.73,'21','',1),('201100063',18,'271',1.70,'dg',0.73,'21','',1),('201100063',19,'271',1.48,'we',0.73,'21','',1),('201100063',20,'271',1.40,'u',0.73,'21','',1),('201100063',21,'271',1.22,'u',0.73,'21','',1),('201100063',22,'271',1.97,'we',0.73,'21','',1),('201100063',23,'271',1.21,'we',0.73,'21','',1),('201100063',24,'271',1.87,'we',0.73,'21','',1),('201100064',25,'271',1.17,'md',0.73,'21','',1),('201100064',26,'271',1.22,'wk',0.73,'21','',1),('201100064',27,'271',1.37,'wk',0.73,'21','',1),('201100064',28,'271',1.49,'md',0.73,'21','',1),('201100064',29,'271',1.91,'md',0.73,'21','',1),('201100064',30,'271',1.87,'u',0.73,'21','',1),('201100064',31,'271',1.05,'u',0.73,'21','',1),('201100064',32,'271',1.93,'md',0.73,'21','',1),('201100065',33,'271',1.62,'u',0.73,'21','',1),('201100065',34,'271',1.83,'dg',0.73,'21','',1),('201100065',35,'271',1.40,'wk',0.73,'21','',1),('201100065',36,'271',1.07,'md',0.73,'21','',1),('201100065',37,'271',1.96,'wk',0.73,'21','',1),('201100065',38,'271',1.18,'md',0.73,'21','',1),('201100065',39,'271',1.91,'wk',0.73,'21','',1),('201100065',40,'271',1.85,'we',73.00,'21','',1),('201100066',41,'271',1.69,'wk',0.73,'21','',1),('201100066',42,'271',1.11,'u',0.73,'21','',1),('201100066',43,'271',1.97,'md',0.73,'21','',1),('201100066',44,'271',1.80,'u',0.73,'21','',1),('201100066',45,'271',1.71,'dg',0.73,'21','',1),('201100066',46,'271',1.17,'we',0.73,'21','',1),('201100066',47,'271',1.13,'md',0.73,'21','',1),('201100066',48,'271',1.70,'u',0.73,'21','',1),('201100067',49,'271',1.43,'we',0.73,'21','',1),('201100067',50,'271',1.41,'dg',0.73,'21','',1),('201100067',51,'271',1.21,'we',0.73,'21','',1),('201100067',52,'271',1.73,'we',0.73,'21','',1),('201100067',53,'271',1.28,'dg',0.73,'21','',1),('201100067',54,'271',1.71,'we',0.73,'21','',1),('201100067',55,'271',1.25,'wk',0.73,'21','',1),('201100067',56,'271',1.77,'md',0.73,'21','',1),('201100068',57,'271',1.97,'md',0.73,'21','',1),('201100068',58,'271',1.36,'u',0.73,'21','',1),('201100068',59,'271',1.77,'u',0.73,'21','',1),('201100068',60,'271',1.01,'dg',0.73,'21','',1),('201100068',61,'271',1.74,'md',0.73,'21','',1),('201100068',62,'271',1.92,'we',0.73,'21','',1),('201100068',63,'271',1.00,'dg',0.73,'21','',1),('201100068',64,'271',1.90,'md',0.73,'21','',1),('201100069',65,'271',1.48,'u',0.73,'21','',1),('201100069',66,'271',1.69,'wk',0.73,'21','',1),('201100069',67,'271',1.02,'u',0.73,'21','',1),('201100069',68,'271',1.01,'md',0.73,'21','',1),('201100069',69,'271',1.91,'md',0.73,'21','',1),('201100069',70,'271',1.38,'wk',0.73,'21','',1),('201100069',71,'271',1.85,'we',0.73,'21','',1),('201100069',72,'271',1.55,'we',0.73,'21','',1),('201100070',73,'271',1.80,'u',0.73,'21','',1),('201100070',74,'271',1.91,'we',0.73,'21','',1),('201100070',75,'271',1.11,'we',0.73,'21','',1),('201100070',76,'271',1.38,'md',0.73,'21','',1),('201100070',77,'271',1.09,'dg',0.73,'21','',1),('201100070',78,'271',1.33,'wk',0.73,'21','',1),('201100070',79,'271',1.69,'we',0.73,'21','',1),('201100070',80,'271',1.99,'wk',0.73,'21','',1),('201100071',81,'271',1.42,'u',0.73,'21','',1),('201100071',82,'271',1.28,'md',0.73,'21','',1),('201100071',83,'271',1.48,'wk',0.73,'21','',1),('201100071',84,'271',1.55,'wk',0.73,'21','',1),('201100071',85,'271',1.32,'dg',0.73,'21','',1),('201100071',86,'271',1.54,'wk',0.73,'21','',1),('201100071',87,'271',1.23,'we',0.73,'21','',1),('201100071',88,'271',1.21,'we',0.73,'21','',1),('201100072',89,'271',1.16,'wk',0.73,'21','',1),('201100072',90,'271',1.58,'we',0.73,'21','',1),('201100072',91,'271',1.11,'dg',0.73,'21','',1),('201100072',92,'271',1.17,'md',0.73,'21','',1),('201100072',93,'271',1.60,'we',0.73,'21','',1),('201100072',94,'271',1.14,'wk',0.73,'21','',1),('201100072',95,'271',1.37,'u',0.73,'21','',1),('201100072',96,'271',1.07,'we',0.73,'21','',1),('201100073',97,'271',1.10,'dg',0.73,'21','',1),('201100073',98,'271',1.23,'md',0.73,'21','',1),('201100073',99,'271',1.29,'dg',0.73,'21','',1),('201100073',100,'271',1.01,'we',0.73,'21','',1),('201100073',101,'271',1.70,'we',0.73,'21','',1),('201100073',102,'271',1.12,'dg',0.73,'21','',1),('201100073',103,'271',1.36,'we',0.73,'21','',1),('201100073',104,'271',1.01,'u',0.73,'21','',1),('201100074',105,'271',1.29,'md',0.73,'21','',1),('201100074',106,'271',1.21,'dg',0.73,'21','',1),('201100074',107,'271',1.21,'u',0.73,'21','',1),('201100074',108,'271',1.77,'u',0.73,'21','',1),('201100074',109,'271',1.89,'dg',0.73,'21','',1),('201100074',110,'271',1.82,'md',0.73,'21','',1),('201100074',111,'271',1.97,'md',0.73,'21','',1),('201100074',112,'271',1.11,'we',0.73,'21','',1),('201100075',113,'271',1.72,'u',0.73,'21','',1),('201100075',114,'271',1.29,'u',0.73,'21','',1),('201100075',115,'271',1.87,'wk',0.73,'21','',1),('201100075',116,'271',1.39,'wk',0.73,'21','',1),('201100075',117,'271',1.19,'dg',0.73,'21','',1),('201100075',118,'271',1.00,'we',0.73,'21','',1),('201100075',119,'271',1.35,'u',0.73,'21','',1),('201100075',120,'271',1.76,'md',0.73,'21','',1),('201100076',121,'271',1.97,'dg',0.73,'21','',1),('201100076',122,'271',1.09,'we',0.73,'21','',1),('201100076',123,'271',1.00,'we',0.73,'21','',1),('201100076',124,'271',1.20,'wk',0.73,'21','',1),('201100076',125,'271',1.70,'wk',0.73,'21','',1),('201100076',126,'271',1.04,'dg',0.73,'21','',1),('201100076',127,'271',1.04,'md',0.73,'21','',1),('201100076',128,'271',1.49,'md',0.73,'21','',1),('201100077',129,'271',1.23,'wk',0.73,'21','',1),('201100077',130,'271',1.46,'md',0.73,'21','',1),('201100077',131,'271',1.25,'wk',0.73,'21','',1),('201100077',132,'271',1.64,'we',0.73,'21','',1),('201100077',133,'271',1.31,'wk',0.73,'21','',1),('201100077',134,'271',1.61,'dg',0.73,'21','',1),('201100077',135,'271',1.50,'we',0.73,'21','',1),('201100077',136,'271',1.56,'wk',0.73,'21','',1),('201100078',137,'271',2.00,'we',0.73,'21','',1),('201100078',138,'271',1.63,'we',73.00,'21',', qs,d fqs,fs lqflmsq qf;s qkd dg qi',1),('201100078',139,'271',1.28,'u',0.73,'21','',1),('201100078',140,'271',1.79,'u',73.00,'21','',1),('201100078',141,'271',1.51,'we',2.00,'21','dit is een test',1),('201100078',142,'271',1.44,'md',0.73,'21','',1),('201100078',143,'271',1.90,'we',0.73,'21','',1),('201100078',144,'271',1.70,'wk',0.73,'21','',1),('201100079',145,'271',1.01,'md',0.73,'21','',1),('201100079',146,'271',1.76,'we',0.73,'21','',1),('201100079',147,'271',1.27,'we',73.00,'21','',1),('201100079',148,'271',1.45,'dg',0.73,'21','',1),('201100079',149,'271',1.67,'dg',0.73,'21','',1),('201100079',150,'271',1.75,'md',0.73,'21','',1),('201100079',151,'271',1.46,'dg',0.73,'21','',1),('201100079',152,'271',1.58,'u',0.73,'21','',1),('201100080',153,'271',1.02,'we',0.73,'21','',1),('201100080',154,'271',1.25,'md',0.73,'21','',1),('201100080',155,'271',1.31,'we',0.73,'21','',1),('201100080',156,'271',1.10,'wk',0.73,'21','',1),('201100080',157,'271',1.34,'we',0.73,'21','',1),('201100080',158,'271',1.57,'wk',0.73,'21','',1),('201100080',159,'271',1.96,'we',0.73,'21','',1),('201100080',160,'271',1.40,'md',0.73,'21','',1),('201100081',161,'271',1.72,'dg',0.73,'21','',1),('201100081',162,'271',1.33,'wk',0.73,'21','',1),('201100081',163,'271',1.05,'md',0.73,'21','',1),('201100081',164,'271',1.33,'wk',0.73,'21','',1),('201100081',165,'271',1.98,'wk',0.73,'21','',1),('201100081',166,'271',1.77,'dg',0.73,'21','',1),('201100081',167,'271',1.81,'md',0.73,'21','',1),('201100081',168,'271',1.27,'wk',0.73,'21','',1),('201100082',169,'271',1.52,'dg',0.73,'21','',1),('201100082',170,'271',1.58,'u',0.73,'21','',1),('201100082',171,'271',143.00,'wk',73.00,'21','',1),('201100082',172,'271',1.17,'dg',0.73,'21','',1),('201100082',173,'271',1.85,'u',0.73,'21','',1),('201100082',174,'271',1.12,'wk',0.73,'21','',1),('201100082',175,'271',1.37,'wk',0.73,'21','',1),('201100082',176,'271',1.67,'dg',0.73,'21','',1),('201100083',177,'271',1.48,'wk',0.73,'21','',1),('201100083',178,'271',1.64,'md',0.73,'21','',1),('201100083',179,'271',1.60,'md',0.73,'21','',1),('201100083',180,'271',1.92,'we',0.73,'21','',1),('201100083',181,'271',1.21,'md',0.73,'21','',1),('201100083',182,'271',1.85,'dg',0.73,'21','',1),('201100083',183,'271',1.76,'u',0.73,'21','',1),('201100083',184,'271',1.71,'dg',0.73,'21','',1),('201100084',185,'271',1.10,'u',0.73,'21','',1),('201100084',186,'271',1.84,'we',0.73,'21','',1),('201100084',187,'271',1.84,'md',0.73,'21','',1),('201100084',188,'271',1.91,'dg',0.73,'21','',1),('201100084',189,'271',1.70,'md',0.73,'21','',1),('201100084',190,'271',1.41,'md',0.73,'21','',1),('201100084',191,'271',1.90,'wk',0.73,'21','',1),('201100084',192,'271',1.50,'md',0.73,'21','',1),('201100085',193,'271',1.26,'u',0.73,'21','',1),('201100085',194,'271',1.09,'md',0.73,'21','',1),('201100085',195,'271',1.81,'md',0.73,'21','',1),('201100085',196,'271',1.61,'u',0.73,'21','',1),('201100085',197,'271',1.07,'we',0.73,'21','',1),('201100085',198,'271',1.63,'u',0.73,'21','',1),('201100085',199,'271',1.14,'wk',0.73,'21','',1),('201100085',200,'271',1.25,'wk',0.73,'21','',1),('201100086',201,'271',1.01,'dg',0.73,'21','',1),('201100086',202,'271',1.56,'we',0.73,'21','',1),('201100086',203,'271',1.66,'dg',0.73,'21','',1),('201100086',204,'271',1.83,'we',0.73,'21','',1),('201100086',205,'271',1.08,'dg',0.73,'21','',1),('201100086',206,'271',1.11,'dg',0.73,'21','',1),('201100086',207,'271',1.02,'u',0.73,'21','',1),('201100086',208,'271',1.56,'u',0.73,'21','',1),('201100087',209,'271',1.54,'we',0.73,'21','',1),('201100087',210,'271',1.77,'md',0.73,'21','',1),('201100087',211,'271',1.59,'we',0.73,'21','',1),('201100087',212,'271',1.27,'u',0.73,'21','',1),('201100087',213,'271',1.73,'u',0.73,'21','',1),('201100087',214,'271',1.05,'md',0.73,'21','',1),('201100087',215,'271',1.66,'u',0.73,'21','',1),('201100087',216,'271',1.39,'u',0.73,'21','',1),('201100088',217,'271',1.93,'u',0.73,'21','',1),('201100088',218,'271',1.41,'md',0.73,'21','',1),('201100088',219,'271',1.22,'we',0.73,'21','',1),('201100088',220,'271',1.00,'we',0.73,'21','',1),('201100088',221,'271',1.63,'we',0.73,'21','',1),('201100088',222,'271',1.23,'md',0.73,'21','',1),('201100088',223,'271',1.28,'we',0.73,'21','',1),('201100088',224,'271',1.22,'md',0.73,'21','',1),('201100089',225,'271',1.18,'we',0.73,'21','',1),('201100089',226,'271',1.51,'wk',0.73,'21','',1),('201100089',227,'271',1.35,'u',0.73,'21','',1),('201100089',228,'271',1.43,'dg',0.73,'21','',1),('201100089',229,'271',1.77,'md',0.73,'21','',1),('201100089',230,'271',1.49,'u',0.73,'21','',1),('201100089',231,'271',1.38,'we',0.73,'21','',1),('201100089',232,'271',1.93,'wk',0.73,'21','',1),('201100090',233,'271',1.96,'we',0.73,'21','',1),('201100090',234,'271',1.44,'md',0.73,'21','',1),('201100090',235,'271',1.63,'dg',0.73,'21','',1),('201100090',236,'271',1.19,'we',0.73,'21','',1),('201100090',237,'271',1.43,'we',0.73,'21','',1),('201100090',238,'271',1.34,'u',0.73,'21','',1),('201100090',239,'271',1.96,'dg',0.73,'21','',1),('201100090',240,'271',1.80,'md',0.73,'21','',1),('201100091',241,'271',1.62,'u',0.73,'21','',1),('201100091',242,'271',1.18,'u',0.73,'21','',1),('201100091',243,'271',1.60,'we',0.73,'21','',1),('201100091',244,'271',1.50,'dg',0.73,'21','',1),('201100091',245,'271',1.40,'u',0.73,'21','',1),('201100091',246,'271',1.08,'we',0.73,'21','',1),('201100091',247,'271',1.49,'md',0.73,'21','',1),('201100091',248,'271',1.31,'u',0.73,'21','',1),('201100092',249,'271',1.95,'dg',0.73,'21','',1),('201100092',250,'271',1.46,'u',0.73,'21','',1),('201100092',251,'271',1.59,'md',0.73,'21','',1),('201100092',252,'271',1.38,'dg',0.73,'21','',1),('201100092',253,'271',1.42,'we',0.73,'21','',1),('201100092',254,'271',1.03,'dg',0.73,'21','',1),('201100092',255,'271',1.89,'u',0.73,'21','',1),('201100092',256,'271',1.05,'dg',0.73,'21','',1),('201100093',257,'271',1.23,'wk',0.73,'21','',1),('201100093',258,'271',1.20,'md',0.73,'21','',1),('201100093',259,'271',1.98,'u',0.73,'21','',1),('201100093',260,'271',1.42,'wk',0.73,'21','',1),('201100093',261,'271',1.92,'md',0.73,'21','',1),('201100093',262,'271',1.31,'we',0.73,'21','',1),('201100093',263,'271',1.26,'u',0.73,'21','',1),('201100093',264,'271',1.31,'wk',0.73,'21','',1),('201100094',265,'271',1.97,'wk',0.73,'21','',1),('201100094',266,'271',1.72,'dg',0.73,'21','',1),('201100094',267,'271',1.43,'we',0.73,'21','',1),('201100094',268,'271',1.41,'wk',0.73,'21','',1),('201100094',269,'271',1.94,'dg',0.73,'21','',1),('201100094',270,'271',1.66,'wk',0.73,'21','',1),('201100094',271,'271',1.62,'md',0.73,'21','',1),('201100094',272,'271',1.96,'u',0.73,'21','',1),('201100095',273,'271',1.98,'u',0.73,'21','',1),('201100095',274,'271',1.36,'md',0.73,'21','',1),('201100095',275,'271',1.36,'wk',0.73,'21','',1),('201100095',276,'271',1.44,'we',0.73,'21','',1),('201100095',277,'271',1.43,'we',0.73,'21','',1),('201100095',278,'271',1.90,'wk',0.73,'21','',1),('201100095',279,'271',1.34,'dg',0.73,'21','',1),('201100095',280,'271',1.89,'dg',0.73,'21','',1),('201100096',281,'271',1.11,'dg',0.73,'21','',1),('201100096',282,'271',1.81,'wk',0.73,'21','',1),('201100096',283,'271',1.43,'md',0.73,'21','',1),('201100096',284,'271',1.94,'u',0.73,'21','',1),('201100096',285,'271',1.59,'we',0.73,'21','',1),('201100096',286,'271',1.34,'we',0.73,'21','',1),('201100096',287,'271',1.72,'u',0.73,'21','',1),('201100096',288,'271',1.74,'we',0.73,'21','',1),('201100097',289,'271',1.34,'md',0.73,'21','',1),('201100097',290,'271',1.85,'dg',0.73,'21','',1),('201100097',291,'271',1.31,'we',0.73,'21','',1),('201100097',292,'271',1.19,'dg',0.73,'21','',1),('201100097',293,'271',1.78,'u',0.73,'21','',1),('201100097',294,'271',1.90,'md',0.73,'21','',1),('201100097',295,'271',1.17,'we',0.73,'21','',1),('201100097',296,'271',1.31,'dg',0.73,'21','',1),('201100098',297,'271',1.52,'we',0.73,'21','',1),('201100098',298,'271',1.84,'wk',0.73,'21','',1),('201100098',299,'271',1.38,'we',0.73,'21','',1),('201100098',300,'271',1.67,'dg',0.73,'21','',1),('201100098',301,'271',1.30,'u',0.73,'21','',1),('201100098',302,'271',1.14,'wk',0.73,'21','',1),('201100098',303,'271',1.48,'dg',0.73,'21','',1),('201100098',304,'271',1.09,'u',0.73,'21','',1),('201100099',305,'271',1.44,'u',0.73,'21','',1),('201100099',306,'271',1.56,'md',0.73,'21','',1),('201100099',307,'271',1.78,'dg',0.73,'21','',1),('201100099',308,'271',1.02,'wk',0.73,'21','',1),('201100099',309,'271',1.81,'wk',0.73,'21','',1),('201100099',310,'271',1.02,'dg',0.73,'21','',1),('201100099',311,'271',1.81,'dg',0.73,'21','',1),('201100099',312,'271',1.56,'wk',0.73,'21','',1),('201100100',313,'271',1.64,'u',0.73,'21','',1),('201100100',314,'271',1.84,'we',0.73,'21','',1),('201100100',315,'271',1.36,'u',0.73,'21','',1),('201100100',316,'271',1.76,'wk',0.73,'21','',1),('201100100',317,'271',1.67,'md',0.73,'21','',1),('201100100',318,'271',1.57,'u',0.73,'21','',1),('201100100',319,'271',1.71,'we',0.73,'21','',1),('201100100',320,'271',1.67,'dg',0.73,'21','',1),('201100101',321,'271',1.45,'dg',0.73,'21','',1),('201100101',322,'271',1.58,'md',0.73,'21','',1),('201100101',323,'271',2.00,'we',0.73,'21','',1),('201100101',324,'271',1.57,'u',0.73,'21','',1),('201100101',325,'271',1.80,'wk',0.73,'21','',1),('201100101',326,'271',1.25,'dg',0.73,'21','',1),('201100101',327,'271',1.87,'u',0.73,'21','',1),('201100101',328,'271',1.96,'dg',0.73,'21','',1),('201100102',329,'271',1.78,'dg',0.73,'21','',1),('201100102',330,'271',1.44,'md',0.73,'21','',1),('201100102',331,'271',1.81,'md',0.73,'21','',1),('201100102',332,'271',1.50,'wk',0.73,'21','',1),('201100102',333,'271',1.57,'u',0.73,'21','',1),('201100102',334,'271',1.32,'we',0.73,'21','',1),('201100102',335,'271',1.89,'md',0.73,'21','',1),('201100102',336,'271',1.93,'we',0.73,'21','',1),('201100103',337,'271',1.22,'md',0.73,'21','',1),('201100103',338,'271',1.04,'u',0.73,'21','',1),('201100103',339,'271',1.71,'we',0.73,'21','',1),('201100103',340,'271',1.57,'dg',0.73,'21','',1),('201100103',341,'271',1.17,'u',0.73,'21','',1),('201100103',342,'271',1.74,'u',0.73,'21','',1),('201100103',343,'271',1.79,'md',0.73,'21','',1),('201100103',344,'271',1.07,'u',0.73,'21','',1),('201100104',345,'271',1.84,'wk',0.73,'21','',1),('201100104',346,'271',1.78,'u',0.73,'21','',1),('201100104',347,'271',1.86,'we',0.73,'21','',1),('201100104',348,'271',1.35,'wk',0.73,'21','',1),('201100104',349,'271',1.97,'md',0.73,'21','',1),('201100104',350,'271',1.24,'wk',0.73,'21','',1),('201100104',351,'271',1.54,'wk',0.73,'21','',1),('201100104',352,'271',1.07,'u',0.73,'21','',1),('201100105',353,'271',1.23,'dg',0.73,'21','',1),('201100105',354,'271',1.13,'u',0.73,'21','',1),('201100105',355,'271',1.54,'wk',0.73,'21','',1),('201100105',356,'271',1.95,'wk',0.73,'21','',1),('201100105',357,'271',1.44,'dg',0.73,'21','',1),('201100105',358,'271',1.84,'we',0.73,'21','',1),('201100105',359,'271',1.32,'u',0.73,'21','',1),('201100105',360,'271',1.77,'dg',0.73,'21','',1),('201100106',361,'271',1.38,'we',0.73,'6','',1),('201100106',362,'271',1.66,'dg',0.73,'6','',1),('201100106',363,'271',1.84,'md',0.73,'21','',1),('201100106',364,'271',1.01,'u',0.73,'21','',1),('201100106',365,'271',1.01,'we',0.73,'21','',1),('201100106',366,'271',1.54,'md',0.73,'21','',1),('201100106',367,'271',1.83,'u',0.73,'21','',1),('201100106',368,'271',1.28,'we',0.73,'21','',1),('201100107',369,'271',1.68,'we',0.73,'21','',1),('201100107',370,'271',1.38,'md',0.73,'21','',1),('201100107',371,'271',1.74,'dg',0.73,'21','',1),('201100107',372,'271',1.10,'wk',0.73,'21','',1),('201100107',373,'271',1.47,'wk',0.73,'21','',1),('201100107',374,'271',1.49,'we',0.73,'21','',1),('201100107',375,'271',1.26,'wk',0.73,'21','',1),('201100107',376,'271',1.73,'we',0.73,'21','',1),('201100108',377,'271',1.85,'wk',0.73,'21','',1),('201100108',378,'271',1.97,'md',0.73,'21','',1),('201100108',379,'271',1.11,'md',0.73,'21','',1),('201100108',380,'271',1.99,'md',0.73,'21','',1),('201100108',381,'271',1.37,'md',0.73,'21','',1),('201100108',382,'271',1.29,'dg',0.73,'21','',1),('201100108',383,'271',1.43,'dg',0.73,'21','',1),('201100108',384,'271',1.31,'u',0.73,'21','',1),('201100109',385,'271',1.93,'u',0.73,'21','',1),('201100109',386,'271',1.22,'u',0.73,'21','',1),('201100109',387,'271',1.05,'we',0.73,'21','',1),('201100109',388,'271',1.50,'md',0.73,'21','',1),('201100109',389,'271',1.90,'wk',0.73,'21','',1),('201100109',390,'271',1.83,'we',0.73,'21','',1),('201100109',391,'271',1.47,'dg',0.73,'21','',1),('201100109',392,'271',1.95,'u',0.73,'21','',1),('201100110',393,'271',1.17,'md',0.73,'21','',1),('201100110',394,'271',1.38,'dg',0.73,'21','',1),('201100110',395,'271',1.13,'dg',0.73,'21','',1),('201100110',396,'271',1.20,'wk',0.73,'21','',1),('201100110',397,'271',1.82,'dg',0.73,'21','',1),('201100110',398,'271',1.17,'we',0.73,'21','',1),('201100110',399,'271',1.68,'wk',0.73,'21','',1),('201100110',400,'271',1.18,'dg',0.73,'21','',1),('201100113',1,NULL,12.00,'',123.00,'21','jjjjjj',1),('201100114',1,'367',1.32,'u',0.77,'21','',1),('201100114',2,'367',1.69,'we',0.77,'21','',1),('201100114',3,'367',1.06,'u',0.77,'21','',1),('201100114',4,'367',1.80,'u',0.77,'21','',1),('201100114',5,'367',1.33,'we',0.77,'21','',1),('201100114',6,'367',1.52,'dg',0.77,'21','',1),('201100114',7,'367',1.82,'wk',0.77,'21','',1),('201100114',8,'367',1.01,'wk',0.77,'21','',1),('201100115',9,'367',195.00,'wk',77.00,'21','',1),('201100115',10,'367',160.00,'u',1.77,'21','',1),('201100115',14,'367',1.48,'we',0.77,'21','',1),('201100115',15,'367',13.60,'dg',0.77,'21','',1),('201100116',17,'367',1.43,'u',0.77,'21','',1),('201100116',18,'367',1.24,'u',0.77,'21','',1),('201100116',19,'367',1.66,'dg',0.77,'21','',1),('201100116',20,'367',1.10,'dg',0.77,'21','',1),('201100116',21,'367',1.27,'md',0.77,'21','',1),('201100116',22,'367',1.88,'u',0.77,'21','',1),('201100116',23,'367',1.53,'we',0.77,'21','',1),('201100116',24,'367',1.24,'dg',0.77,'21','',1),('201100117',25,'367',1.16,'we',0.77,'21','',1),('201100117',26,'367',1.11,'u',0.77,'21','',1),('201100117',27,'367',1.12,'wk',0.77,'21','',1),('201100117',28,'367',1.25,'md',0.77,'21','',1),('201100117',29,'367',1.41,'we',0.77,'21','',1),('201100117',30,'367',1.19,'we',0.77,'21','',1),('201100117',31,'367',1.62,'u',0.77,'21','',1),('201100117',32,'367',1.53,'wk',0.77,'21','',1),('201100118',33,'367',1.67,'md',0.77,'21','',1),('201100118',34,'367',1.58,'u',0.77,'21','',1),('201100118',35,'367',1.52,'we',0.77,'21','',1),('201100118',36,'367',1.35,'we',0.77,'21','',1),('201100118',37,'367',1.38,'we',0.77,'21','',1),('201100118',38,'367',1.61,'u',0.77,'21','',1),('201100118',39,'367',1.20,'u',0.77,'21','',1),('201100118',40,'367',1.42,'wk',0.77,'21','',1),('201100119',41,'367',1.52,'we',0.77,'21','',1),('201100119',42,'367',1.45,'md',0.77,'21','',1),('201100119',43,'367',1.06,'wk',0.77,'21','',1),('201100119',44,'367',1.44,'dg',0.77,'21','',1),('201100119',45,'367',1.42,'md',0.77,'21','',1),('201100119',46,'367',1.12,'dg',0.77,'21','',1),('201100119',47,'367',1.47,'u',0.77,'21','',1),('201100119',48,'367',1.93,'u',0.77,'21','',1),('201100120',49,'367',1.64,'wk',0.77,'21','',1),('201100120',50,'367',1.21,'dg',0.77,'21','',1),('201100120',51,'367',1.47,'we',0.77,'21','',1),('201100120',52,'367',1.74,'u',0.77,'21','',1),('201100120',53,'367',1.33,'we',0.77,'21','',1),('201100120',54,'367',1.59,'u',0.77,'21','',1),('201100120',55,'367',1.88,'wk',0.77,'21','',1),('201100120',56,'367',1.04,'we',0.77,'21','',1),('201100121',57,'367',1.48,'md',0.77,'21','',1),('201100121',58,'367',1.47,'wk',0.77,'21','',1),('201100121',59,'367',1.17,'we',0.77,'21','',1),('201100121',60,'367',1.73,'md',0.77,'21','',1),('201100121',61,'367',1.03,'wk',0.77,'21','',1),('201100121',62,'367',1.22,'u',0.77,'21','',1),('201100121',63,'367',1.49,'wk',0.77,'21','',1),('201100121',64,'367',1.56,'we',0.77,'21','',1),('201100122',65,'367',1.66,'wk',0.77,'21','',1),('201100122',66,'367',1.15,'u',0.77,'21','',1),('201100122',67,'367',1.45,'dg',0.77,'21','',1),('201100122',68,'367',1.45,'md',0.77,'21','',1),('201100122',69,'367',1.83,'wk',0.77,'21','',1),('201100122',70,'367',1.01,'u',0.77,'21','',1),('201100122',71,'367',1.68,'wk',0.77,'21','',1),('201100122',72,'367',1.62,'we',0.77,'21','',1),('201100123',73,'367',1.41,'wk',0.77,'21','',0),('201100123',74,'367',1.86,'we',0.77,'21','',0),('201100123',75,'367',1.26,'we',0.77,'21','',0),('201100123',76,'367',1.74,'wk',0.77,'21','',0),('201100123',77,'367',1.78,'u',0.77,'21','',0),('201100123',78,'367',1.70,'u',0.77,'21','',0),('201100123',79,'367',1.54,'we',0.77,'21','',0),('201100123',80,'367',1.17,'we',0.77,'21','',0),('201100124',81,'367',1.50,'we',0.77,'21','',1),('201100124',82,'367',1.94,'we',0.77,'21','',1),('201100124',83,'367',1.91,'md',0.77,'21','',1),('201100124',84,'367',1.76,'dg',0.77,'21','',1),('201100124',85,'367',1.70,'dg',0.77,'21','',1),('201100124',86,'367',1.60,'u',0.77,'21','',1),('201100124',87,'367',1.57,'u',0.77,'21','',1),('201100124',88,'367',1.15,'wk',0.77,'21','',1),('201100125',89,'367',1.99,'we',0.77,'21','',1),('201100125',90,'367',1.79,'md',0.77,'21','',1),('201100125',91,'367',1.36,'dg',0.77,'6','',1),('201100125',92,'367',1.29,'u',0.77,'21','',1),('201100125',93,'367',1.35,'dg',0.77,'21','Veel te goed koop !!!!!!!!',1),('201100125',94,'367',1.95,'we',0.77,'21','',1),('201100125',95,'367',1.17,'dg',80.00,'6','',1),('201100125',96,'367',1.67,'wk',70.00,'21','',1),('201100126',97,'367',1.42,'wk',0.77,'21','',1),('201100126',98,'367',1.83,'dg',0.77,'21','',1),('201100126',99,'367',1.51,'wk',0.77,'21','',1),('201100126',100,'367',1.49,'u',0.77,'21','',1),('201100126',101,'367',1.21,'u',0.77,'21','',1),('201100126',102,'367',1.20,'md',0.77,'21','',1),('201100126',103,'367',1.33,'dg',0.77,'21','',1),('201100126',104,'367',1.80,'we',0.77,'21','',1),('201100127',105,'367',1.88,'wk',0.77,'6','nog wat commentaar voor deze lijn',1),('201100127',106,'367',1.74,'wk',0.77,'21','',1),('201100127',107,'367',1.01,'md',0.77,'21','',1),('201100127',108,'367',1.34,'md',0.77,'21','',1),('201100127',109,'367',1.48,'dg',0.77,'6','',1),('201100127',110,'367',1.73,'u',0.77,'21','Opgelet!!!',1),('201100127',111,'367',1.21,'wk',0.77,'21','',1),('201100127',112,'367',1.46,'dg',0.77,'21','',1),('201100128',116,'367',1.57,'we',0.77,'6','',1),('201100128',117,'367',1.64,'we',77.00,'6','',1),('201100128',118,'367',1.56,'wk',0.77,'21','',1),('201100128',119,'367',1.83,'wk',61.00,'21','',1),('201100128',120,'367',1.86,'md',0.77,'6','',1),('201100129',121,'367',1.65,'we',0.77,'21','',1),('201100129',122,'367',1.62,'dg',0.77,'21','',1),('201100129',123,'367',1.84,'wk',0.77,'21','',1),('201100129',124,'367',1.28,'wk',0.77,'21','',1),('201100129',125,'367',1.23,'we',0.77,'21','',1),('201100129',126,'367',1.54,'u',0.77,'21','',1),('201100129',127,'367',1.67,'dg',0.77,'21','',1),('201100129',128,'367',1.03,'wk',0.77,'21','',1),('201100130',129,'367',1.99,'dg',0.77,'21','',1),('201100130',130,'367',1.80,'wk',0.77,'21','',1),('201100130',131,'367',1.73,'we',0.77,'21','',1),('201100130',132,'367',1.99,'we',0.77,'21','test commentaar',1),('201100130',133,'367',1.18,'dg',0.77,'21','',1),('201100130',134,'367',1.40,'md',0.77,'21','',1),('201100130',135,'367',1.48,'md',0.77,'21','',1),('201100130',136,'367',1.95,'wk',0.77,'21','',1),('201100131',137,'367',1.86,'we',0.77,'21','',1),('201100131',138,'367',1.11,'dg',0.77,'21','',1),('201100131',139,'367',1.35,'we',0.77,'21','',1),('201100131',140,'367',1.46,'we',0.77,'21','',1),('201100131',141,'367',1.42,'u',0.77,'21','',1),('201100131',142,'367',1.36,'we',0.77,'21','',1),('201100131',143,'367',1.84,'dg',0.77,'21','',1),('201100131',144,'367',1.74,'wk',0.77,'21','',1),('201100132',145,'367',1.41,'md',0.77,'21','',1),('201100132',146,'367',1.65,'we',0.77,'21','',1),('201100132',147,'367',1.39,'u',0.77,'21','',1),('201100132',148,'367',1.90,'u',0.77,'21','',1),('201100132',149,'367',1.98,'we',0.77,'21','',1),('201100132',150,'367',1.65,'u',0.77,'21','',1),('201100132',151,'367',1.04,'we',0.77,'21','',1),('201100132',152,'367',1.45,'wk',0.77,'21','',1),('201100133',153,'367',1.54,'md',0.77,'21','',1),('201100133',154,'367',1.30,'md',0.77,'21','',1),('201100133',155,'367',1.03,'md',0.77,'21','',1),('201100133',156,'367',1.93,'we',0.77,'21','',1),('201100133',157,'367',1.36,'u',0.77,'21','',1),('201100133',158,'367',1.50,'md',0.77,'21','',1),('201100133',159,'367',1.68,'md',0.77,'21','',1),('201100133',160,'367',1.92,'we',0.77,'21','',1),('201100134',161,'367',1.24,'we',0.77,'21','',1),('201100134',162,'367',1.37,'dg',0.77,'21','',1),('201100134',163,'367',1.41,'we',0.77,'21','',1),('201100134',164,'367',1.99,'md',0.77,'21','',1),('201100134',165,'367',1.49,'we',0.77,'21','',1),('201100134',166,'367',1.05,'md',0.77,'21','',1),('201100134',167,'367',1.58,'u',0.77,'21','',1),('201100134',168,'367',1.23,'u',77.00,'21','',1),('201100135',169,'367',1.80,'dg',0.77,'21','',1),('201100135',170,'367',1.48,'md',0.77,'21','',1),('201100135',171,'367',1.59,'u',0.77,'21','',1),('201100135',172,'367',1.45,'we',0.77,'21','',1),('201100135',173,'367',1.81,'dg',0.77,'21','',1),('201100135',174,'367',1.80,'u',0.77,'21','',1),('201100135',175,'367',1.43,'wk',0.77,'21','',1),('201100135',176,'367',1.21,'u',770.00,'6','',1),('201100135',177,'269',10.00,'wk',61.00,'21','',1),('201100136',177,'367',1.41,'u',0.77,'21','',1),('201100136',178,'367',1.11,'md',0.77,'21','',1),('201100136',179,'367',1.52,'we',0.77,'21','',1),('201100136',180,'367',1.17,'wk',0.77,'21','',1),('201100136',181,'367',1.07,'we',0.77,'21','',1),('201100136',182,'367',1.91,'wk',0.77,'21','',1),('201100136',183,'367',1.72,'wk',0.77,'21','',1),('201100136',184,'367',1.58,'md',0.77,'21','',1),('201100137',185,'367',1.73,'md',0.77,'21','',1),('201100137',186,'367',1.35,'dg',0.77,'21','',1),('201100137',187,'367',1.58,'dg',0.77,'21','',1),('201100137',188,'367',1.78,'u',0.77,'21','',1),('201100137',189,'367',1.19,'md',0.77,'21','',1),('201100137',190,'367',1.06,'dg',0.77,'21','',1),('201100137',191,'367',1.47,'u',0.77,'21','',1),('201100137',192,'367',1.10,'u',0.77,'21','',1),('201100138',193,'367',1.75,'u',0.77,'21','',1),('201100138',194,'367',1.40,'dg',0.77,'21','',1),('201100138',195,'367',1.05,'u',0.77,'21','',1),('201100138',196,'367',1.42,'we',0.77,'21','',1),('201100138',197,'367',1.82,'dg',0.77,'21','',1),('201100138',198,'367',1.17,'we',0.77,'21','',1),('201100138',199,'367',1.15,'md',0.77,'21','',1),('201100138',200,'367',1.40,'we',0.77,'21','',1),('201100139',201,'367',1.61,'u',0.77,'21','',1),('201100139',202,'367',1.25,'dg',0.77,'21','',1),('201100139',203,'367',1.18,'we',0.77,'21','',1),('201100139',204,'367',1.17,'we',0.77,'21','',1),('201100139',205,'367',1.04,'u',0.77,'21','',1),('201100139',206,'367',1.68,'md',0.77,'21','',1),('201100139',207,'367',1.48,'u',0.77,'21','',1),('201100139',208,'367',1.78,'md',0.77,'21','',1),('201100140',209,'367',1.78,'dg',0.77,'21','',1),('201100140',210,'367',1.10,'dg',0.77,'21','',1),('201100140',211,'367',1.29,'md',0.77,'21','',1),('201100140',212,'367',1.94,'we',0.77,'21','',1),('201100140',213,'367',1.68,'we',0.77,'21','',1),('201100140',214,'367',1.69,'dg',0.77,'21','',1),('201100140',215,'367',1.37,'u',0.77,'21','',1),('201100140',216,'367',1.69,'u',0.77,'21','',1),('201100141',217,'367',1.22,'md',0.77,'21','',1),('201100141',218,'367',1.90,'u',0.77,'21','',1),('201100141',219,'367',1.27,'dg',0.77,'21','',1),('201100141',220,'367',1.11,'md',0.77,'21','',1),('201100141',221,'367',1.78,'u',0.77,'21','',1),('201100141',222,'367',1.62,'u',0.77,'21','',1),('201100141',223,'367',1.77,'u',0.77,'21','',1),('201100141',224,'367',1.21,'md',0.77,'21','',1),('201100142',225,'367',1.75,'wk',0.77,'21','',1),('201100142',226,'367',1.69,'we',0.77,'21','',1),('201100142',227,'367',1.25,'we',0.77,'21','',1),('201100142',228,'367',1.54,'md',0.77,'21','',1),('201100142',229,'367',1.75,'u',0.77,'21','',1),('201100142',230,'367',1.79,'md',0.77,'21','',1),('201100142',231,'367',1.67,'wk',0.77,'21','',1),('201100142',232,'367',1.21,'wk',0.77,'21','',1),('201100143',233,'367',1.57,'md',0.77,'21','',1),('201100143',234,'367',1.13,'dg',0.77,'21','',1),('201100143',235,'367',1.69,'we',0.77,'21','',1),('201100143',236,'367',1.39,'dg',0.77,'21','',1),('201100143',237,'367',1.61,'wk',0.77,'21','',1),('201100143',238,'367',1.51,'dg',0.77,'21','',1),('201100143',239,'367',1.95,'md',0.77,'21','',1),('201100143',240,'367',1.45,'u',0.77,'21','',1),('201100144',241,'367',1.91,'wk',0.77,'21','',1),('201100144',242,'367',1.68,'u',0.77,'21','',1),('201100144',243,'367',1.54,'wk',0.77,'21','',1),('201100144',244,'367',1.28,'dg',0.77,'21','',1),('201100144',245,'367',1.91,'dg',0.77,'21','',1),('201100144',246,'367',1.05,'wk',0.77,'21','',1),('201100144',247,'367',1.42,'md',0.77,'21','',1),('201100144',248,'367',1.44,'wk',0.77,'21','',1),('201100145',249,'367',1.78,'wk',0.77,'21','',1),('201100145',250,'367',1.08,'wk',0.77,'21','',1),('201100145',251,'367',1.88,'dg',0.77,'21','',1),('201100145',252,'367',1.30,'dg',0.77,'21','',1),('201100145',253,'367',1.78,'u',0.77,'21','',1),('201100145',254,'367',1.13,'we',0.77,'21','',1),('201100145',255,'367',1.73,'we',0.77,'21','',1),('201100145',256,'367',1.22,'wk',0.77,'21','',1),('201100146',257,'367',1.01,'u',0.77,'21','',1),('201100146',258,'367',1.41,'wk',0.77,'21','',1),('201100146',259,'367',1.60,'dg',0.77,'21','',1),('201100146',260,'367',1.34,'we',0.77,'21','',1),('201100146',261,'367',1.63,'dg',0.77,'21','',1),('201100146',262,'367',1.34,'u',0.77,'21','',1),('201100146',263,'367',1.49,'wk',0.77,'21','',1),('201100146',264,'367',1.81,'dg',0.77,'21','',1),('201100147',265,'367',1.22,'wk',0.77,'21','',1),('201100147',266,'367',1.51,'dg',0.77,'21','',1),('201100147',267,'367',1.63,'md',0.77,'21','',1),('201100147',268,'367',1.22,'u',0.77,'21','',1),('201100147',269,'367',1.02,'wk',0.77,'21','',1),('201100147',270,'367',1.03,'md',0.77,'21','',1),('201100147',271,'367',1.13,'dg',0.77,'21','',1),('201100147',272,'367',1.73,'we',0.77,'21','',1),('201100148',273,'367',1.15,'wk',0.77,'21','',1),('201100148',274,'367',1.98,'wk',0.77,'21','',1),('201100148',275,'367',1.10,'u',0.77,'21','',1),('201100148',276,'367',1.19,'we',0.77,'21','',1),('201100148',277,'367',1.09,'u',0.77,'21','',1),('201100148',278,'367',1.14,'dg',0.77,'21','',1),('201100148',279,'367',1.10,'dg',0.77,'21','',1),('201100148',280,'367',1.09,'dg',0.77,'21','',1),('201100149',281,'367',1.94,'we',0.77,'21','',1),('201100149',282,'367',1.44,'dg',0.77,'21','',1),('201100149',283,'367',1.15,'we',0.77,'21','',1),('201100149',284,'367',1.29,'we',0.77,'21','',1),('201100149',285,'367',1.27,'wk',0.77,'21','',1),('201100149',286,'367',1.50,'wk',0.77,'21','',1),('201100149',287,'367',1.78,'we',0.77,'21','',1),('201100149',288,'367',1.77,'we',0.77,'21','',1),('201100150',289,'367',1.74,'md',0.77,'21','',1),('201100150',290,'367',1.50,'u',0.77,'21','',1),('201100150',291,'367',1.63,'we',0.77,'21','',1),('201100150',292,'367',1.95,'dg',0.77,'21','',1),('201100150',293,'367',1.50,'wk',0.77,'21','',1),('201100150',294,'367',1.07,'md',0.77,'21','',1),('201100150',295,'367',1.72,'dg',0.77,'21','',1),('201100150',296,'367',1.16,'u',0.77,'21','',1),('201100151',297,'367',1.28,'wk',0.77,'21','',1),('201100151',298,'367',1.94,'u',0.77,'21','',1),('201100151',299,'367',1.41,'dg',0.77,'21','',1),('201100151',300,'367',1.50,'we',0.77,'21','',1),('201100151',301,'367',1.67,'dg',0.77,'21','',1),('201100151',302,'367',1.68,'dg',0.77,'21','',1),('201100151',303,'367',1.58,'dg',0.77,'21','',1),('201100151',304,'367',1.03,'dg',0.77,'21','',1),('201100152',305,'367',1.80,'md',0.77,'21','',1),('201100152',306,'367',1.58,'wk',0.77,'21','',1),('201100152',307,'367',1.65,'wk',0.77,'21','',1),('201100152',308,'367',1.02,'wk',0.77,'21','',1),('201100152',309,'367',1.69,'md',0.77,'21','',1),('201100152',310,'367',1.67,'dg',0.77,'21','',1),('201100152',311,'367',1.39,'wk',0.77,'21','',1),('201100152',312,'367',1.91,'we',0.77,'21','',1),('201100153',313,'367',1.83,'we',0.77,'21','',1),('201100153',314,'367',1.34,'we',0.77,'21','',1),('201100153',315,'367',1.65,'we',0.77,'21','',1),('201100153',316,'367',1.93,'we',0.77,'21','',1),('201100153',317,'367',1.72,'wk',0.77,'21','',1),('201100153',318,'367',1.03,'dg',0.77,'21','',1),('201100153',319,'367',1.56,'wk',0.77,'21','',1),('201100153',320,'367',1.65,'we',0.77,'21','',1),('201100154',321,'367',1.49,'wk',0.77,'21','',1),('201100154',322,'367',1.05,'u',0.77,'21','',1),('201100154',323,'367',1.66,'we',0.77,'21','',1),('201100154',324,'367',1.01,'md',0.77,'21','',1),('201100154',325,'367',1.97,'we',0.77,'21','',1),('201100154',326,'367',1.46,'u',0.77,'21','',1),('201100154',327,'367',1.16,'u',0.77,'21','',1),('201100154',328,'367',1.45,'wk',0.77,'21','',1),('201100155',329,'367',1.54,'md',0.77,'21','',1),('201100155',330,'367',1.47,'dg',0.77,'21','',1),('201100155',331,'367',1.24,'dg',0.77,'21','',1),('201100155',332,'367',1.22,'u',0.77,'21','',1),('201100155',333,'367',1.79,'we',0.77,'21','',1),('201100155',334,'367',1.95,'u',0.77,'21','',1),('201100155',335,'367',1.99,'u',0.77,'21','',1),('201100155',336,'367',1.08,'md',0.77,'21','',1),('201100156',337,'367',1.92,'we',0.77,'21','',1),('201100156',338,'367',1.95,'md',0.77,'21','',1),('201100156',339,'367',1.64,'we',0.77,'21','',1),('201100156',340,'367',1.84,'wk',0.77,'21','',1),('201100156',341,'367',1.22,'wk',0.77,'21','',1),('201100156',342,'367',1.23,'dg',0.77,'21','',1),('201100156',343,'367',1.89,'md',0.77,'21','',1),('201100156',344,'367',1.58,'dg',0.77,'21','',1),('201100157',345,'367',1.14,'we',0.77,'21','',1),('201100157',346,'367',1.37,'we',0.77,'21','',1),('201100157',347,'367',1.69,'dg',0.77,'21','',1),('201100157',348,'367',1.42,'wk',0.77,'21','',1),('201100157',349,'367',1.83,'dg',0.77,'21','',1),('201100157',350,'367',1.76,'dg',0.77,'21','',1),('201100157',351,'367',1.80,'md',0.77,'21','',1),('201100157',352,'367',1.14,'wk',0.77,'21','',1),('201100158',353,'367',1.11,'we',0.77,'21','',1),('201100158',354,'367',1.74,'md',0.77,'21','',1),('201100158',355,'367',1.73,'we',77.00,'21','',1),('201100158',356,'367',1.14,'md',0.77,'21','',1),('201100158',357,'367',1.18,'dg',0.77,'21','',1),('201100158',358,'367',1.60,'wk',0.77,'21','',1),('201100158',359,'367',1.19,'md',0.77,'21','',1),('201100158',360,'367',1.47,'dg',0.77,'21','',1),('201100159',361,'367',1.79,'md',0.77,'21','',1),('201100159',362,'367',1.07,'we',0.77,'21','',1),('201100159',363,'367',1.01,'md',0.77,'21','',1),('201100159',364,'367',1.92,'dg',0.77,'21','',1),('201100159',365,'367',1.34,'md',0.77,'21','',1),('201100159',366,'367',1.81,'dg',0.77,'21','',1),('201100159',367,'367',1.13,'wk',0.77,'21','',1),('201100159',368,'367',1.34,'wk',0.77,'21','',1),('201100160',369,'367',1.32,'dg',0.77,'21','',1),('201100160',370,'367',1.83,'md',0.77,'21','',1),('201100160',371,'367',1.18,'md',0.77,'21','',1),('201100160',372,'367',1.89,'md',0.77,'21','',1),('201100160',373,'367',1.13,'md',0.77,'21','',1),('201100160',374,'367',1.77,'dg',0.77,'21','',1),('201100160',375,'367',1.73,'wk',0.77,'21','',1),('201100160',376,'367',1.62,'wk',0.77,'21','',1),('201100161',377,'367',1.97,'u',0.77,'21','',1),('201100161',378,'367',1.75,'md',0.77,'21','',1),('201100161',379,'367',1.24,'md',0.77,'21','',1),('201100161',380,'367',1.73,'dg',0.77,'21','',1),('201100161',381,'367',1.53,'md',0.77,'21','',1),('201100161',382,'367',1.95,'md',0.77,'21','',1),('201100161',383,'367',1.27,'md',0.77,'21','',1),('201100161',384,'367',1.47,'u',0.77,'21','',1),('201100162',385,'367',1.56,'md',0.77,'21','',1),('201100162',386,'367',1.24,'wk',0.77,'21','',1),('201100162',387,'367',1.52,'wk',0.77,'21','',1),('201100162',388,'367',1.30,'u',0.77,'21','',1),('201100162',389,'367',1.65,'u',0.77,'21','',1),('201100162',390,'367',1.62,'dg',0.77,'21','',1),('201100162',391,'367',1.68,'md',0.77,'21','',1),('201100162',392,'367',1.06,'md',0.77,'21','',1),('201100163',393,'367',1.68,'wk',0.77,'21','',1),('201100163',394,'367',1.05,'wk',0.77,'21','',1),('201100163',395,'367',1.24,'dg',0.77,'21','',1),('201100163',396,'367',1.06,'we',0.77,'21','',1),('201100163',397,'367',1.89,'we',0.77,'21','',1),('201100163',398,'367',1.13,'wk',0.77,'21','',1),('201100163',399,'367',1.73,'we',0.77,'21','',1),('201100163',400,'367',1.40,'u',0.77,'21','',1),('201200004',1,'367',50.00,'wk',61.00,'21','',1),('201200005',145,'269',10.00,'dg',1000.00,'21','',1),('201200006',147,'273',25.00,'dg',44.00,'21','',1),('201200010',673,'367',161.00,'wk',77.00,'21','',1),('201200010',675,'367',14.70,'md',770.00,'21','',1),('201200014',649,'367',108.00,'dg',7.70,'21','',1),('201200014',650,'367',160.00,'we',7.70,'21','',1),('201200014',651,'367',124.00,'we',7.70,'21','',1),('201200014',652,'367',143.00,'dg',7.70,'21','',1),('201200014',653,'367',149.00,'we',10.00,'21','',1),('201200014',654,'367',181.00,'wk',61.00,'21','',1),('201200014',655,'367',186.00,'we',10.00,'21','',1),('201200014',656,'367',162.00,'we',7.70,'21','',1),('201200015',41,'271',134.00,'dg',730.00,'21','',1),('201200015',42,'271',168.00,'u',7.30,'21','',1),('201200015',43,'271',117.00,'we',7.30,'21','',1),('201200015',44,'271',105.00,'u',7.30,'21','',1),('201200015',45,'271',183.00,'u',7.30,'21','',1),('201200015',46,'271',148.00,'u',7.30,'21','',1),('201200015',47,'271',150.00,'we',7.30,'21','',1),('201200015',48,'271',195.00,'wk',7.30,'21','',1),('201200016',161,'367',186.00,'dg',7.70,'21','',1),('201200016',162,'367',106.00,'wk',7.70,'21','',1),('201200016',163,'367',161.00,'u',7.70,'21','',1),('201200016',164,'367',102.00,'md',7.70,'21','',1),('201200016',165,'367',146.00,'dg',7.70,'6','',1),('201200016',166,'367',114.00,'u',7.70,'21','',1),('201200016',167,'367',121.00,'md',7.70,'21','',1),('201200016',168,'367',182.00,'dg',7.70,'21','',1),('201200017',697,NULL,126.00,'md',7.70,'21.00','Business Intelligence',1),('201200017',698,NULL,137.00,'we',7.70,'21.00','Business Intelligence',1),('201200017',699,NULL,166.00,'wk',7.70,'21.00','Business Intelligence',1),('201200017',700,NULL,140.00,'we',7.70,'21.00','Business Intelligence',1),('201200017',701,NULL,109.00,'wk',7.70,'21.00','Business Intelligence',1),('201200017',702,NULL,148.00,'u',7.70,'21.00','Business Intelligence',1),('201200017',703,NULL,117.00,'we',7.70,'21.00','Business Intelligence',1),('201200017',704,NULL,148.00,'we',7.70,'21.00','Business Intelligence',1),('201200017',705,NULL,0.00,'',0.00,'0.00','dit is een test lijn',1),('201200017',706,NULL,1.00,'',0.00,'0.00','',1),('201200018',705,'269',12.00,'dg',30.00,'6','zand',1),('201200018',706,'281',15.00,'wk',370.00,'21','Platen',1),('201200019',1,'401',50.00,'stk',5000.00,'21','',1),('201200023',1,NULL,25.50,'dg',10.60,'21','Engels',1),('201200023',3,NULL,34.00,'dg',24.00,'6','Frans',1),('201200023',5,NULL,56.00,'dg',120.00,'21','chinees',1),('201200024',1,NULL,0.00,'',0.00,'21','test',1),('201200024',2,NULL,600.00,'',24.00,'21','test',1),('201200024',4,NULL,20.00,'stk',234.00,'21','Test',1),('201200024',5,NULL,5.00,'',345.00,'21','meer',1),('201200024',8,NULL,100.00,'wk',5.00,'21','extra',1),('201200024',9,'271',7.00,'dg',73.00,'6','Extra commentaar',1),('201200024',10,'273',1.00,'md',3000.00,'21','',1),('201200025',5,NULL,23.00,'we',60.00,'21','testje',1),('201200025',6,NULL,12.00,'dg',450.00,'21','not yet ready',1),('201200025',7,NULL,1.00,'dg',670.00,'21','nog een lijn',1),('201200025',8,NULL,6.00,'dg',61.00,'21','Java',1),('201200025',9,NULL,45.00,'u',61.00,'21','Business Intelligence',1),('201200026',1,NULL,0.00,'',0.00,'0','PROFORMA',1),('201200026',3,NULL,0.00,'',0.00,'0','Plaatsen van betonnetten',1),('201200026',4,NULL,0.00,'',0.00,'0','storten van beton',1),('201200026',6,NULL,1.00,'',3450.00,'21','Voor een totaal van:',1),('201200027',1,NULL,0.00,'',0.00,'0','PROFORMA',1),('201200027',2,NULL,0.00,'',0.00,'21','',1),('201200027',3,NULL,0.00,'',0.00,'0','Levering van betonnetten',1),('201200027',4,NULL,0.00,'',0.00,'0','storten van beton',1),('201200027',7,NULL,0.00,'',0.00,'0','nog',1),('201200027',8,NULL,0.00,'',0.00,'0','en nog',1),('201200027',9,NULL,0.00,'',0.00,'0','en nog',1),('201200027',10,NULL,0.00,'',0.00,'0','en nog',1),('201200027',11,NULL,0.00,'',0.00,'0','en nog',1),('201200027',12,NULL,0.00,'',0.00,'21','',1),('201200027',13,NULL,1.00,'',3450.00,'21','Totaal:',1),('201200028',5,NULL,0.00,'',0.00,'0','plaatsen van netten',1),('201200028',6,NULL,0.00,'',0.00,'0','storten van beton',1),('201200028',7,NULL,0.00,'',0.00,'0','',1),('201200028',8,NULL,1.00,'',3570.00,'6','Totaal voor:',1),('201200029',1,NULL,0.00,'',0.00,'0','beton storten',1),('201200029',2,NULL,1.00,'',-15000.00,'0','voorschot',1),('201200029',3,NULL,4589.00,'kg',0.65,'0','totaal',1),('201200030',1,NULL,1.00,'stuk',12000.00,'21','metaalwaren',1),('201200030',2,NULL,45.00,'u',35.00,'21','Werk',1),('201200030',3,NULL,0.00,'',0.00,'0','',1),('201200030',4,NULL,-1.00,'',10000.00,'0','Voorschot',1),('2012001',265,'271',-1.97,'wk',0.73,'21','',1),('2012001',266,'271',-1.72,'dg',0.73,'21','',1),('2012001',267,'271',-1.43,'we',0.73,'21','',1),('2012001',268,'271',-1.41,'wk',0.73,'21','',1),('2012001',269,'271',-1.94,'dg',0.73,'21','',1),('2012001',270,'271',-1.66,'wk',0.73,'21','',1),('2012001',271,'271',-1.62,'md',0.73,'21','',1),('2012001',272,'271',-1.96,'u',0.73,'21','',1),('2012002',105,'367',-1.88,'wk',0.77,'6','nog wat commentaar voor deze lijn',1),('2012002',106,'367',-1.74,'wk',0.77,'21','',1),('2012002',107,'367',-1.01,'md',0.77,'21','',1),('2012002',108,'367',-1.34,'md',0.77,'21','',1),('2012002',109,'367',-1.48,'dg',0.77,'6','',1),('2012002',110,'367',-1.73,'u',0.77,'21','Opgelet!!!',1),('2012002',111,'367',-1.21,'wk',0.77,'21','',1),('2012002',112,'367',-1.46,'dg',0.77,'21','',1);
/*!40000 ALTER TABLE `invoicedetail` ENABLE KEYS */;
UNLOCK TABLES;

--
-- Table structure for table `price`
--

DROP TABLE IF EXISTS `price`;
/*!40101 SET @saved_cs_client     = @@character_set_client */;
/*!40101 SET character_set_client = utf8 */;
CREATE TABLE `price` (
  `idPrice` char(15) NOT NULL COMMENT 'Product ID',
  `priProdid` char(15) NOT NULL,
  `Prifrom` datetime NOT NULL COMMENT 'Price valid from Start date',
  `priunit` decimal(9,2) NOT NULL COMMENT 'Unit Price',
  `Primeasure` char(5) NOT NULL COMMENT 'Unit of measure. Values are pre-defined in de code tables.',
  `active` tinyint(1) NOT NULL COMMENT 'Active (T/F)',
  PRIMARY KEY (`idPrice`,`Prifrom`),
  KEY `FK_Product` (`priProdid`),
  KEY `FK_PriceUM` (`Primeasure`),
  CONSTRAINT `FK_Product` FOREIGN KEY (`priProdid`) REFERENCES `product` (`idProd`)
) ENGINE=InnoDB DEFAULT CHARSET=latin1 COMMENT='Contains price information\nFor each product at least 1 price';
/*!40101 SET character_set_client = @saved_cs_client */;

--
-- Dumping data for table `price`
--

LOCK TABLES `price` WRITE;
/*!40000 ALTER TABLE `price` DISABLE KEYS */;
INSERT INTO `price` VALUES ('371','269','2011-12-04 00:00:00',61.00,'u',1),('372','269','2011-12-04 00:00:00',25.00,'md',1),('373','269','2011-12-04 00:00:00',46.00,'md',0),('374','271','2011-12-04 00:00:00',2.00,'we',1),('375','271','2011-12-04 00:00:00',98.00,'we',1),('376','271','2011-12-04 00:00:00',73.00,'we',1),('377','273','2011-12-04 00:00:00',44.00,'dg',1),('378','273','2012-01-07 00:00:00',61.00,'wk',1),('379','273','2011-12-04 00:00:00',10.00,'wk',1),('389','281','2011-12-04 00:00:00',3.00,'dg',1),('390','281','2011-12-04 00:00:00',4.00,'wk',1),('391','281','2011-12-04 00:00:00',49.00,'md',1),('438','367','2011-12-06 00:00:00',61.00,'u',1),('439','367','2011-12-06 00:00:00',10.00,'we',1),('440','367','2011-12-06 00:00:00',77.00,'we',1),('489','401','2011-12-06 00:00:00',44.00,'u',0),('490','401','2012-01-09 00:00:00',2.00,'u',1),('491','401','2011-12-06 00:00:00',3.00,'u',0),('510','401','2012-01-01 00:00:00',5000.00,'we',1),('525','401','2012-01-01 00:00:00',10.00,'md',1),('527','439','2012-01-01 00:00:00',10.00,'dg',1),('528','438','2012-01-01 00:00:00',8.00,'dg',1),('529','440','2012-01-01 00:00:00',11.00,'u',1);
/*!40000 ALTER TABLE `price` ENABLE KEYS */;
UNLOCK TABLES;

--
-- Temporary table structure for view `quotesview`
--

DROP TABLE IF EXISTS `quotesview`;
/*!50001 DROP VIEW IF EXISTS `quotesview`*/;
SET @saved_cs_client     = @@character_set_client;
SET character_set_client = utf8;
/*!50001 CREATE TABLE `quotesview` (
  `cusName` char(50),
  `cusType` char(5),
  `idQuote` char(15),
  `qtecusid` char(15),
  `qtedlvaddid` char(15),
  `qtecrtdate` datetime,
  `qtecrtuserid` char(15),
  `qteupddate` datetime,
  `qteupduserid` char(15),
  `qtereqdlvdate` date,
  `qteStatus` char(5),
  `qteType` char(5),
  `qteVat` tinyint(1),
  `qteHeaderComments` varchar(256),
  `Active` tinyint(1)
) ENGINE=MyISAM */;
SET character_set_client = @saved_cs_client;

--
-- Final view structure for view `invoicesview`
--

/*!50001 DROP TABLE IF EXISTS `invoicesview`*/;
/*!50001 DROP VIEW IF EXISTS `invoicesview`*/;
/*!50001 SET @saved_cs_client          = @@character_set_client */;
/*!50001 SET @saved_cs_results         = @@character_set_results */;
/*!50001 SET @saved_col_connection     = @@collation_connection */;
/*!50001 SET character_set_client      = utf8 */;
/*!50001 SET character_set_results     = utf8 */;
/*!50001 SET collation_connection      = utf8_general_ci */;
/*!50001 CREATE ALGORITHM=UNDEFINED */
/*!50013 DEFINER=`root`@`localhost` SQL SECURITY DEFINER */
/*!50001 VIEW `invoicesview` AS select `customer`.`CusName` AS `cusName`,`customer`.`CusType` AS `cusType`,`customer`.`cusvat` AS `cusVat`,`invoice`.`idInvoice` AS `idInvoice`,`invoice`.`invcusid` AS `invcusid`,`invoice`.`invaddid` AS `invaddid`,`invoice`.`invDlvAddId` AS `invDlvAddId`,`invoice`.`invcrtdate` AS `invcrtdate`,`invoice`.`invcrtuserid` AS `invcrtuserid`,`invoice`.`invupddate` AS `invupddate`,`invoice`.`invupduserid` AS `invupduserid`,`invoice`.`invDate` AS `invDate`,`invoice`.`invduedate` AS `invduedate`,`invoice`.`invStatus` AS `invStatus`,`invoice`.`invType` AS `invType`,`invoice`.`invVat` AS `invVat`,`invoice`.`invHeaderComments` AS `invHeaderComments`,`invoice`.`Active` AS `Active` from (`customer` join `invoice` on((`customer`.`idCus` = `invoice`.`invcusid`))) order by `invoice`.`idInvoice` desc */;
/*!50001 SET character_set_client      = @saved_cs_client */;
/*!50001 SET character_set_results     = @saved_cs_results */;
/*!50001 SET collation_connection      = @saved_col_connection */;

--
-- Final view structure for view `quotesview`
--

/*!50001 DROP TABLE IF EXISTS `quotesview`*/;
/*!50001 DROP VIEW IF EXISTS `quotesview`*/;
/*!50001 SET @saved_cs_client          = @@character_set_client */;
/*!50001 SET @saved_cs_results         = @@character_set_results */;
/*!50001 SET @saved_col_connection     = @@collation_connection */;
/*!50001 SET character_set_client      = utf8 */;
/*!50001 SET character_set_results     = utf8 */;
/*!50001 SET collation_connection      = utf8_general_ci */;
/*!50001 CREATE ALGORITHM=UNDEFINED */
/*!50013 DEFINER=`root`@`localhost` SQL SECURITY DEFINER */
/*!50001 VIEW `quotesview` AS select `customer`.`CusName` AS `cusName`,`customer`.`CusType` AS `cusType`,`quote`.`idQuote` AS `idQuote`,`quote`.`qtecusid` AS `qtecusid`,`quote`.`qtedlvaddid` AS `qtedlvaddid`,`quote`.`qtecrtdate` AS `qtecrtdate`,`quote`.`qtecrtuserid` AS `qtecrtuserid`,`quote`.`qteupddate` AS `qteupddate`,`quote`.`qteupduserid` AS `qteupduserid`,`quote`.`qtereqdlvdate` AS `qtereqdlvdate`,`quote`.`qteStatus` AS `qteStatus`,`quote`.`qteType` AS `qteType`,`quote`.`qteVat` AS `qteVat`,`quote`.`qteHeaderComments` AS `qteHeaderComments`,`quote`.`Active` AS `Active` from (`customer` join `quote` on((`customer`.`idCus` = `quote`.`qtecusid`))) order by `quote`.`idQuote` desc */;
/*!50001 SET character_set_client      = @saved_cs_client */;
/*!50001 SET character_set_results     = @saved_cs_results */;
/*!50001 SET collation_connection      = @saved_col_connection */;

--
-- Dumping routines for database 'groept'
--
/*!50003 DROP PROCEDURE IF EXISTS `createAddress` */;
/*!50003 SET @saved_cs_client      = @@character_set_client */ ;
/*!50003 SET @saved_cs_results     = @@character_set_results */ ;
/*!50003 SET @saved_col_connection = @@collation_connection */ ;
/*!50003 SET character_set_client  = utf8 */ ;
/*!50003 SET character_set_results = utf8 */ ;
/*!50003 SET collation_connection  = utf8_general_ci */ ;
/*!50003 SET @saved_sql_mode       = @@sql_mode */ ;
/*!50003 SET sql_mode              = 'STRICT_TRANS_TABLES,NO_AUTO_CREATE_USER,NO_ENGINE_SUBSTITUTION' */ ;
DELIMITER ;;
/*!50003 CREATE*/ /*!50020 DEFINER=`root`@`localhost`*/ /*!50003 PROCEDURE `createAddress`(
IN id char(15),
IN Ref char(15),
IN street char(30),
IN Number char(5),
IN box char(5),
IN zip char(15),
IN city char(20),
IN Country char(3),
IN aType char(5),
Out success boolean)
BEGIN
set success = 0;
INSERT INTO `groept`.`address`
(`idAddress`,`AddRef`,`addstreet`,`addNumber`,`addbox`,`addzip`,`addcity`,`addCountry`,`addtype`,`active`)
VALUES
(id,Ref,street,Number,box,zip,city,country, aType,1);
if(@rows = 1) then
    set success = 1;
end if;
END */;;
DELIMITER ;
/*!50003 SET sql_mode              = @saved_sql_mode */ ;
/*!50003 SET character_set_client  = @saved_cs_client */ ;
/*!50003 SET character_set_results = @saved_cs_results */ ;
/*!50003 SET collation_connection  = @saved_col_connection */ ;
/*!50003 DROP PROCEDURE IF EXISTS `createCodeDetail` */;
/*!50003 SET @saved_cs_client      = @@character_set_client */ ;
/*!50003 SET @saved_cs_results     = @@character_set_results */ ;
/*!50003 SET @saved_col_connection = @@collation_connection */ ;
/*!50003 SET character_set_client  = utf8 */ ;
/*!50003 SET character_set_results = utf8 */ ;
/*!50003 SET collation_connection  = utf8_general_ci */ ;
/*!50003 SET @saved_sql_mode       = @@sql_mode */ ;
/*!50003 SET sql_mode              = 'STRICT_TRANS_TABLES,NO_AUTO_CREATE_USER,NO_ENGINE_SUBSTITUTION' */ ;
DELIMITER ;;
/*!50003 CREATE*/ /*!50020 DEFINER=`root`@`%`*/ /*!50003 PROCEDURE `createCodeDetail`(

IN id char(3), 

in det char(9), 

in cdesc char(30), 

out success boolean)
BEGIN

set success = 0;

INSERT INTO `groept`.`codedetail`

values(id,

det,

cDesc,

1)

;



if(@rows > 0) then

 set Success = 1;

end if;

END */;;
DELIMITER ;
/*!50003 SET sql_mode              = @saved_sql_mode */ ;
/*!50003 SET character_set_client  = @saved_cs_client */ ;
/*!50003 SET character_set_results = @saved_cs_results */ ;
/*!50003 SET collation_connection  = @saved_col_connection */ ;
/*!50003 DROP PROCEDURE IF EXISTS `createCodeHeader` */;
/*!50003 SET @saved_cs_client      = @@character_set_client */ ;
/*!50003 SET @saved_cs_results     = @@character_set_results */ ;
/*!50003 SET @saved_col_connection = @@collation_connection */ ;
/*!50003 SET character_set_client  = utf8 */ ;
/*!50003 SET character_set_results = utf8 */ ;
/*!50003 SET collation_connection  = utf8_general_ci */ ;
/*!50003 SET @saved_sql_mode       = @@sql_mode */ ;
/*!50003 SET sql_mode              = 'STRICT_TRANS_TABLES,NO_AUTO_CREATE_USER,NO_ENGINE_SUBSTITUTION' */ ;
DELIMITER ;;
/*!50003 CREATE*/ /*!50020 DEFINER=`root`@`%`*/ /*!50003 PROCEDURE `createCodeHeader`(

IN id char(3), 

in dsc char(30), 

in length dec(1.0), 

out success boolean)
BEGIN

set success = 0;

INSERT INTO `groept`.`codeheader`

values(id,

Dsc,

Length,

1)

;



if(@rows = 1) then

 set Success = 1;

end if;

END */;;
DELIMITER ;
/*!50003 SET sql_mode              = @saved_sql_mode */ ;
/*!50003 SET character_set_client  = @saved_cs_client */ ;
/*!50003 SET character_set_results = @saved_cs_results */ ;
/*!50003 SET collation_connection  = @saved_col_connection */ ;
/*!50003 DROP PROCEDURE IF EXISTS `createContact` */;
/*!50003 SET @saved_cs_client      = @@character_set_client */ ;
/*!50003 SET @saved_cs_results     = @@character_set_results */ ;
/*!50003 SET @saved_col_connection = @@collation_connection */ ;
/*!50003 SET character_set_client  = utf8 */ ;
/*!50003 SET character_set_results = utf8 */ ;
/*!50003 SET collation_connection  = utf8_general_ci */ ;
/*!50003 SET @saved_sql_mode       = @@sql_mode */ ;
/*!50003 SET sql_mode              = 'STRICT_TRANS_TABLES,NO_AUTO_CREATE_USER,NO_ENGINE_SUBSTITUTION' */ ;
DELIMITER ;;
/*!50003 CREATE*/ /*!50020 DEFINER=`root`@`%`*/ /*!50003 PROCEDURE `createContact`(

IN id char(15),

IN cusid char(15),

IN Lname char(30),

IN Fname char(30),

IN phone char(20),

IN mobile char(20),

IN email char(30),

IN title char(15),

IN pref char(5),

IN lang char(5),

Out success boolean)
BEGIN

set success = 0;

INSERT INTO `groept`.`contact`

(`idContact`,

`idCus`,

`conlname`,

`conFname`,

`Conphone`,

`conmobile`,

`conemail`,

`contitle`,

`conpref`,

`ConLang`,

`Active`)

VALUES

(

id, Cusid, Lname, Fname, phone, mobile, email, title, pref, Lang, 1);

if(@rows = 1) then

    set success = 1;

end if;

END */;;
DELIMITER ;
/*!50003 SET sql_mode              = @saved_sql_mode */ ;
/*!50003 SET character_set_client  = @saved_cs_client */ ;
/*!50003 SET character_set_results = @saved_cs_results */ ;
/*!50003 SET collation_connection  = @saved_col_connection */ ;
/*!50003 DROP PROCEDURE IF EXISTS `createCustomer` */;
/*!50003 SET @saved_cs_client      = @@character_set_client */ ;
/*!50003 SET @saved_cs_results     = @@character_set_results */ ;
/*!50003 SET @saved_col_connection = @@collation_connection */ ;
/*!50003 SET character_set_client  = utf8 */ ;
/*!50003 SET character_set_results = utf8 */ ;
/*!50003 SET collation_connection  = utf8_general_ci */ ;
/*!50003 SET @saved_sql_mode       = @@sql_mode */ ;
/*!50003 SET sql_mode              = 'STRICT_TRANS_TABLES,NO_AUTO_CREATE_USER,NO_ENGINE_SUBSTITUTION' */ ;
DELIMITER ;;
/*!50003 CREATE*/ /*!50020 DEFINER=`root`@`%`*/ /*!50003 PROCEDURE `createCustomer`(
IN id char(15), 
in Cname char(50), 
in cvat char(15), 
in phone char(20), 
in fax char(20), 
in Mobile char(20), 
in email char(30), 
in website char(40), 
in cType char(5), 
in class char(5), 
in lang char(5), 
in Cur char(5),
in Pay char(5),
in cactivity char(100),
in caccount char(50),
in cinfo char(50),
out success boolean)
BEGIN
set success = 0;
INSERT INTO `groept`.`customer`

VALUES
(
id,
CName,
cvat,
phone,
fax,
Mobile,
email,
website,
cType,
class,
lang,
cur,
pay,
cactivity,
caccount,
cinfo,
1
);


if(@rows > 0) then
 set Success = 1;
end if;
END */;;
DELIMITER ;
/*!50003 SET sql_mode              = @saved_sql_mode */ ;
/*!50003 SET character_set_client  = @saved_cs_client */ ;
/*!50003 SET character_set_results = @saved_cs_results */ ;
/*!50003 SET collation_connection  = @saved_col_connection */ ;
/*!50003 DROP PROCEDURE IF EXISTS `createFreeText` */;
/*!50003 SET @saved_cs_client      = @@character_set_client */ ;
/*!50003 SET @saved_cs_results     = @@character_set_results */ ;
/*!50003 SET @saved_col_connection = @@collation_connection */ ;
/*!50003 SET character_set_client  = utf8 */ ;
/*!50003 SET character_set_results = utf8 */ ;
/*!50003 SET collation_connection  = utf8_general_ci */ ;
/*!50003 SET @saved_sql_mode       = @@sql_mode */ ;
/*!50003 SET sql_mode              = 'STRICT_TRANS_TABLES,NO_AUTO_CREATE_USER,NO_ENGINE_SUBSTITUTION' */ ;
DELIMITER ;;
/*!50003 CREATE*/ /*!50020 DEFINER=`root`@`localhost`*/ /*!50003 PROCEDURE `createFreeText`(
IN id char(15),
IN lan char(5),
in ftext varchar(512),
Out success boolean)
BEGIN
set success = 0;
INSERT INTO `groept`.`freetext`

VALUES
(id,lan,ftext, 1);
if(@rows > 0) then
    set success = 1;
end if;
END */;;
DELIMITER ;
/*!50003 SET sql_mode              = @saved_sql_mode */ ;
/*!50003 SET character_set_client  = @saved_cs_client */ ;
/*!50003 SET character_set_results = @saved_cs_results */ ;
/*!50003 SET collation_connection  = @saved_col_connection */ ;
/*!50003 DROP PROCEDURE IF EXISTS `createInvoiceDetail` */;
/*!50003 SET @saved_cs_client      = @@character_set_client */ ;
/*!50003 SET @saved_cs_results     = @@character_set_results */ ;
/*!50003 SET @saved_col_connection = @@collation_connection */ ;
/*!50003 SET character_set_client  = utf8 */ ;
/*!50003 SET character_set_results = utf8 */ ;
/*!50003 SET collation_connection  = utf8_general_ci */ ;
/*!50003 SET @saved_sql_mode       = @@sql_mode */ ;
/*!50003 SET sql_mode              = 'STRICT_TRANS_TABLES,NO_AUTO_CREATE_USER,NO_ENGINE_SUBSTITUTION' */ ;
DELIMITER ;;
/*!50003 CREATE*/ /*!50020 DEFINER=`root`@`%`*/ /*!50003 PROCEDURE `createInvoiceDetail`(

in id char(15), in detLine decimal(3,0), in prodid char(15), 

in qty decimal(7,2), in measure char(5), in price decimal(9,2), 

in vat char(5), in comments varchar(256), out success boolean)
BEGIN



set success = 0;

INSERT INTO `groept`.`invoicedetail`

(`idInvoice`, `invDetLine`, `invprodid`, `invQty`, `invmeasure`, `invPrice`, `invvat`, `invcomments`, `active`)

VALUES

(id, DetLine, prodid, Qty, measure, Price, vat, comments, 1);

if (@rows > 0) then

 set success = 1;

end if;

END */;;
DELIMITER ;
/*!50003 SET sql_mode              = @saved_sql_mode */ ;
/*!50003 SET character_set_client  = @saved_cs_client */ ;
/*!50003 SET character_set_results = @saved_cs_results */ ;
/*!50003 SET collation_connection  = @saved_col_connection */ ;
/*!50003 DROP PROCEDURE IF EXISTS `createInvoiceHeader` */;
/*!50003 SET @saved_cs_client      = @@character_set_client */ ;
/*!50003 SET @saved_cs_results     = @@character_set_results */ ;
/*!50003 SET @saved_col_connection = @@collation_connection */ ;
/*!50003 SET character_set_client  = utf8 */ ;
/*!50003 SET character_set_results = utf8 */ ;
/*!50003 SET collation_connection  = utf8_general_ci */ ;
/*!50003 SET @saved_sql_mode       = @@sql_mode */ ;
/*!50003 SET sql_mode              = 'STRICT_TRANS_TABLES,NO_AUTO_CREATE_USER,NO_ENGINE_SUBSTITUTION' */ ;
DELIMITER ;;
/*!50003 CREATE*/ /*!50020 DEFINER=`root`@`%`*/ /*!50003 PROCEDURE `createInvoiceHeader`(
in id char(15), in cusid char(15), in addid char(15),in adddlvid char(15), in crtdate datetime, 
in crtuserid char(15), in upddate datetime, 
in upduserid char(15), in indate date,in duedate date, in istatus char(1), in itype char(1), 
in vat boolean, in comments varchar(256), out success boolean)
BEGIN

set success = 0;
INSERT INTO `invoice`
(`idInvoice`, `invcusid`, `invaddid`,`invdlvaddid`, `invcrtdate`, `invcrtuserid`,`invupddate`, `invupduserid`, `invdate`, `invduedate`, `invStatus`, `invType`, `invVat`, `invHeaderComments`, `Active`)
VALUES
(
id, cusid, addid, adddlvid, crtdate, crtuserid, upddate, upduserid, indate,duedate, IStatus, IType, Vat, comments, 1);


if (@rows > 0) then
 set success = 1;
end if;
END */;;
DELIMITER ;
/*!50003 SET sql_mode              = @saved_sql_mode */ ;
/*!50003 SET character_set_client  = @saved_cs_client */ ;
/*!50003 SET character_set_results = @saved_cs_results */ ;
/*!50003 SET collation_connection  = @saved_col_connection */ ;
/*!50003 DROP PROCEDURE IF EXISTS `createNumber` */;
/*!50003 SET @saved_cs_client      = @@character_set_client */ ;
/*!50003 SET @saved_cs_results     = @@character_set_results */ ;
/*!50003 SET @saved_col_connection = @@collation_connection */ ;
/*!50003 SET character_set_client  = utf8 */ ;
/*!50003 SET character_set_results = utf8 */ ;
/*!50003 SET collation_connection  = utf8_general_ci */ ;
/*!50003 SET @saved_sql_mode       = @@sql_mode */ ;
/*!50003 SET sql_mode              = 'STRICT_TRANS_TABLES,NO_AUTO_CREATE_USER,NO_ENGINE_SUBSTITUTION' */ ;
DELIMITER ;;
/*!50003 CREATE*/ /*!50020 DEFINER=`root`@`localhost`*/ /*!50003 PROCEDURE `createNumber`(

in cat char(5), 

in nyear decimal(4), 

in strvalue char(15), 

in lstvalue char(15),

out success boolean)
BEGIN



set success = 0;

INSERT INTO `groept`.`number`

(nbrCategory, nbrYear, nbrStrValue, nbrLstValue, active)

VALUES

(

 cat, nYear, StrValue, lstvalue, 1);



if (@rows = 1) then

 set success = 1;

end if;

END */;;
DELIMITER ;
/*!50003 SET sql_mode              = @saved_sql_mode */ ;
/*!50003 SET character_set_client  = @saved_cs_client */ ;
/*!50003 SET character_set_results = @saved_cs_results */ ;
/*!50003 SET collation_connection  = @saved_col_connection */ ;
/*!50003 DROP PROCEDURE IF EXISTS `createPrice` */;
/*!50003 SET @saved_cs_client      = @@character_set_client */ ;
/*!50003 SET @saved_cs_results     = @@character_set_results */ ;
/*!50003 SET @saved_col_connection = @@collation_connection */ ;
/*!50003 SET character_set_client  = utf8 */ ;
/*!50003 SET character_set_results = utf8 */ ;
/*!50003 SET collation_connection  = utf8_general_ci */ ;
/*!50003 SET @saved_sql_mode       = @@sql_mode */ ;
/*!50003 SET sql_mode              = 'STRICT_TRANS_TABLES,NO_AUTO_CREATE_USER,NO_ENGINE_SUBSTITUTION' */ ;
DELIMITER ;;
/*!50003 CREATE*/ /*!50020 DEFINER=`root`@`%`*/ /*!50003 PROCEDURE `createPrice`(

in id char(15), in pcode char(15), in dfrom datetime, in unit decimal(9,2), in measure char(5), out success boolean)
BEGIN

 set success = 0;

   INSERT INTO `groept`.`price`

(`idPrice`,

`priProdid`,

`Prifrom`,

`priunit`,

`Primeasure`,

`active`)

VALUES

(id, Pcode, dfrom, unit, measure, 1);



if (@rows > 0) then

 set success = 1;

end if;

END */;;
DELIMITER ;
/*!50003 SET sql_mode              = @saved_sql_mode */ ;
/*!50003 SET character_set_client  = @saved_cs_client */ ;
/*!50003 SET character_set_results = @saved_cs_results */ ;
/*!50003 SET collation_connection  = @saved_col_connection */ ;
/*!50003 DROP PROCEDURE IF EXISTS `createProduct` */;
/*!50003 SET @saved_cs_client      = @@character_set_client */ ;
/*!50003 SET @saved_cs_results     = @@character_set_results */ ;
/*!50003 SET @saved_col_connection = @@collation_connection */ ;
/*!50003 SET character_set_client  = utf8 */ ;
/*!50003 SET character_set_results = utf8 */ ;
/*!50003 SET collation_connection  = utf8_general_ci */ ;
/*!50003 SET @saved_sql_mode       = @@sql_mode */ ;
/*!50003 SET sql_mode              = 'STRICT_TRANS_TABLES,NO_AUTO_CREATE_USER,NO_ENGINE_SUBSTITUTION' */ ;
DELIMITER ;;
/*!50003 CREATE*/ /*!50020 DEFINER=`root`@`%`*/ /*!50003 PROCEDURE `createProduct`(

in id char(15), in pcode char(15), in dsc char(30), in cat char(5), in ptype char(5), out success boolean)
BEGIN

 set success = 0;

   INSERT INTO `groept`.`product`

(`idProd`,

`ProdCode`,

`ProdDesc`,

`ProdCat`,

`ProdType`,

`Active`)

VALUES

(id, pCode, Dsc, Cat, pType, 1);



if (@rows = 1) then

 set success = 1;

end if;

END */;;
DELIMITER ;
/*!50003 SET sql_mode              = @saved_sql_mode */ ;
/*!50003 SET character_set_client  = @saved_cs_client */ ;
/*!50003 SET character_set_results = @saved_cs_results */ ;
/*!50003 SET collation_connection  = @saved_col_connection */ ;
/*!50003 DROP PROCEDURE IF EXISTS `createQuoteDetail` */;
/*!50003 SET @saved_cs_client      = @@character_set_client */ ;
/*!50003 SET @saved_cs_results     = @@character_set_results */ ;
/*!50003 SET @saved_col_connection = @@collation_connection */ ;
/*!50003 SET character_set_client  = utf8 */ ;
/*!50003 SET character_set_results = utf8 */ ;
/*!50003 SET collation_connection  = utf8_general_ci */ ;
/*!50003 SET @saved_sql_mode       = @@sql_mode */ ;
/*!50003 SET sql_mode              = 'STRICT_TRANS_TABLES,NO_AUTO_CREATE_USER,NO_ENGINE_SUBSTITUTION' */ ;
DELIMITER ;;
/*!50003 CREATE*/ /*!50020 DEFINER=`root`@`%`*/ /*!50003 PROCEDURE `createQuoteDetail`(

in id char(15), in detLine int(3), in prodid char(15), 

in qty decimal(7,2), in measure char(5), in price decimal(9,2),  in comments varchar(256), out success boolean)
BEGIN



set success = 0;

INSERT INTO `groept`.`quotedetail`

(`idQuote`,

`qteDetLine`,

`qteprodid`,

`qteQty`,

`qtemeasure`,

`qtePrice`,

qteComments,

`active`)

VALUES

(

id, DetLine, prodid, Qty, measure, Price, comments, 1);

if (@rows > 0) then

 set success = 1;

end if;

END */;;
DELIMITER ;
/*!50003 SET sql_mode              = @saved_sql_mode */ ;
/*!50003 SET character_set_client  = @saved_cs_client */ ;
/*!50003 SET character_set_results = @saved_cs_results */ ;
/*!50003 SET collation_connection  = @saved_col_connection */ ;
/*!50003 DROP PROCEDURE IF EXISTS `createQuoteHeader` */;
/*!50003 SET @saved_cs_client      = @@character_set_client */ ;
/*!50003 SET @saved_cs_results     = @@character_set_results */ ;
/*!50003 SET @saved_col_connection = @@collation_connection */ ;
/*!50003 SET character_set_client  = utf8 */ ;
/*!50003 SET character_set_results = utf8 */ ;
/*!50003 SET collation_connection  = utf8_general_ci */ ;
/*!50003 SET @saved_sql_mode       = @@sql_mode */ ;
/*!50003 SET sql_mode              = 'STRICT_TRANS_TABLES,NO_AUTO_CREATE_USER,NO_ENGINE_SUBSTITUTION' */ ;
DELIMITER ;;
/*!50003 CREATE*/ /*!50020 DEFINER=`root`@`%`*/ /*!50003 PROCEDURE `createQuoteHeader`(

in id char(15), 

in cusid char(15), 

in dlvaddid char(15), 

in crtdate datetime, 

in crtuserid char(15), 

in upddate datetime, 

in upduserid char(15),

in reqdlvdate date, 

in qstatus char(5), 

in qtype char(5), 

in vat boolean, 

in qComments varchar(256),

out success boolean)
BEGIN



set success = 0;

INSERT INTO `groept`.`quote`

(`idQuote`,

`qtecusid`,

`qtedlvaddid`,

`qtecrtdate`,

`qtecrtuserid`,

`qteupddate`,

`qteupduserid`,

`qtereqdlvdate`,

`qteStatus`,

`qteType`,

`qteVat`,

qteHeaderComments,

`Active`)

VALUES

(

id, cusid, dlvaddid, crtdate, crtuserid, upddate, upduserid, reqdlvdate, qStatus, qType, Vat, qComments, 1);



if (@rows = 1) then

 set success = 1;

end if;

END */;;
DELIMITER ;
/*!50003 SET sql_mode              = @saved_sql_mode */ ;
/*!50003 SET character_set_client  = @saved_cs_client */ ;
/*!50003 SET character_set_results = @saved_cs_results */ ;
/*!50003 SET collation_connection  = @saved_col_connection */ ;
/*!50003 DROP PROCEDURE IF EXISTS `getLastNumber` */;
/*!50003 SET @saved_cs_client      = @@character_set_client */ ;
/*!50003 SET @saved_cs_results     = @@character_set_results */ ;
/*!50003 SET @saved_col_connection = @@collation_connection */ ;
/*!50003 SET character_set_client  = utf8 */ ;
/*!50003 SET character_set_results = utf8 */ ;
/*!50003 SET collation_connection  = utf8_general_ci */ ;
/*!50003 SET @saved_sql_mode       = @@sql_mode */ ;
/*!50003 SET sql_mode              = 'STRICT_TRANS_TABLES,NO_AUTO_CREATE_USER,NO_ENGINE_SUBSTITUTION' */ ;
DELIMITER ;;
/*!50003 CREATE*/ /*!50020 DEFINER=`root`@`localhost`*/ /*!50003 PROCEDURE `getLastNumber`(in category char(5), in nyear dec(4.0), out success boolean)
BEGIN

    declare lastNbr char(15) ;

    declare lnumber decimal(15.0);

    

  select nbrLstValue into lastNbr from number where nbrCategory = category and  nbrYear = nyear;  

  

  set lnumber = cast(lastNbr as decimal(15.0));

  set lnumber = lnumber + 1;

  set lastNbr = cast(lnumber as char);



    update number set nbrLstValue = lastNbr

    where nbrCategory = category and  nbrYear = nyear;     

    set success = @rows; 

    if (@rows = 1) then

     commit;

     else

     rollback;

    end if;    

END */;;
DELIMITER ;
/*!50003 SET sql_mode              = @saved_sql_mode */ ;
/*!50003 SET character_set_client  = @saved_cs_client */ ;
/*!50003 SET character_set_results = @saved_cs_results */ ;
/*!50003 SET collation_connection  = @saved_col_connection */ ;
/*!50003 DROP PROCEDURE IF EXISTS `readAllAddress` */;
/*!50003 SET @saved_cs_client      = @@character_set_client */ ;
/*!50003 SET @saved_cs_results     = @@character_set_results */ ;
/*!50003 SET @saved_col_connection = @@collation_connection */ ;
/*!50003 SET character_set_client  = utf8 */ ;
/*!50003 SET character_set_results = utf8 */ ;
/*!50003 SET collation_connection  = utf8_general_ci */ ;
/*!50003 SET @saved_sql_mode       = @@sql_mode */ ;
/*!50003 SET sql_mode              = 'STRICT_TRANS_TABLES,NO_AUTO_CREATE_USER,NO_ENGINE_SUBSTITUTION' */ ;
DELIMITER ;;
/*!50003 CREATE*/ /*!50020 DEFINER=`root`@`localhost`*/ /*!50003 PROCEDURE `readAllAddress`(in id char(15), in atype char(1) , in aactive boolean)
BEGIN



    case 

        when (atype <> "") then

          select * from Address 

           where addRef = id

            and addtype = atype

            and active = Aactive

            order by addtype desc;

 

        when (aactive is false) then

         select * from Address

            where active is false

            order by addtype desc ;

   else

    select * from Address

    where addRef = id

    and active is true

    order by addtype desc;

  end case;                



      

 



END */;;
DELIMITER ;
/*!50003 SET sql_mode              = @saved_sql_mode */ ;
/*!50003 SET character_set_client  = @saved_cs_client */ ;
/*!50003 SET character_set_results = @saved_cs_results */ ;
/*!50003 SET collation_connection  = @saved_col_connection */ ;
/*!50003 DROP PROCEDURE IF EXISTS `readAllCodeDetail` */;
/*!50003 SET @saved_cs_client      = @@character_set_client */ ;
/*!50003 SET @saved_cs_results     = @@character_set_results */ ;
/*!50003 SET @saved_col_connection = @@collation_connection */ ;
/*!50003 SET character_set_client  = utf8 */ ;
/*!50003 SET character_set_results = utf8 */ ;
/*!50003 SET collation_connection  = utf8_general_ci */ ;
/*!50003 SET @saved_sql_mode       = @@sql_mode */ ;
/*!50003 SET sql_mode              = 'STRICT_TRANS_TABLES,NO_AUTO_CREATE_USER,NO_ENGINE_SUBSTITUTION' */ ;
DELIMITER ;;
/*!50003 CREATE*/ /*!50020 DEFINER=`root`@`localhost`*/ /*!50003 PROCEDURE `readAllCodeDetail`(in id char(5))
BEGIN
  
   select * from codeDetail
   where idCode = id
   and active = true
   order by codeDesc;
     
 

END */;;
DELIMITER ;
/*!50003 SET sql_mode              = @saved_sql_mode */ ;
/*!50003 SET character_set_client  = @saved_cs_client */ ;
/*!50003 SET character_set_results = @saved_cs_results */ ;
/*!50003 SET collation_connection  = @saved_col_connection */ ;
/*!50003 DROP PROCEDURE IF EXISTS `readAllCodeHeader` */;
/*!50003 SET @saved_cs_client      = @@character_set_client */ ;
/*!50003 SET @saved_cs_results     = @@character_set_results */ ;
/*!50003 SET @saved_col_connection = @@collation_connection */ ;
/*!50003 SET character_set_client  = utf8 */ ;
/*!50003 SET character_set_results = utf8 */ ;
/*!50003 SET collation_connection  = utf8_general_ci */ ;
/*!50003 SET @saved_sql_mode       = @@sql_mode */ ;
/*!50003 SET sql_mode              = 'STRICT_TRANS_TABLES,NO_AUTO_CREATE_USER,NO_ENGINE_SUBSTITUTION' */ ;
DELIMITER ;;
/*!50003 CREATE*/ /*!50020 DEFINER=`root`@`localhost`*/ /*!50003 PROCEDURE `readAllCodeHeader`()
BEGIN

  

   select * from codeHeader

   where  active = true;

     

 



END */;;
DELIMITER ;
/*!50003 SET sql_mode              = @saved_sql_mode */ ;
/*!50003 SET character_set_client  = @saved_cs_client */ ;
/*!50003 SET character_set_results = @saved_cs_results */ ;
/*!50003 SET collation_connection  = @saved_col_connection */ ;
/*!50003 DROP PROCEDURE IF EXISTS `readAllContact` */;
/*!50003 SET @saved_cs_client      = @@character_set_client */ ;
/*!50003 SET @saved_cs_results     = @@character_set_results */ ;
/*!50003 SET @saved_col_connection = @@collation_connection */ ;
/*!50003 SET character_set_client  = utf8 */ ;
/*!50003 SET character_set_results = utf8 */ ;
/*!50003 SET collation_connection  = utf8_general_ci */ ;
/*!50003 SET @saved_sql_mode       = @@sql_mode */ ;
/*!50003 SET sql_mode              = 'STRICT_TRANS_TABLES,NO_AUTO_CREATE_USER,NO_ENGINE_SUBSTITUTION' */ ;
DELIMITER ;;
/*!50003 CREATE*/ /*!50020 DEFINER=`root`@`localhost`*/ /*!50003 PROCEDURE `readAllContact`(in id char(15), in cActive boolean)
BEGIN

    case
        when (cactive = false) then
            select * from Contact
            where idcus = id
            and active = false
            order by conlname;
        else
            select * from Contact
            where idcus = id
            and active = true
            order by conlname;
    end case;

  
   select * from Contact
   where idCus = id
   and active = cActive;
 

END */;;
DELIMITER ;
/*!50003 SET sql_mode              = @saved_sql_mode */ ;
/*!50003 SET character_set_client  = @saved_cs_client */ ;
/*!50003 SET character_set_results = @saved_cs_results */ ;
/*!50003 SET collation_connection  = @saved_col_connection */ ;
/*!50003 DROP PROCEDURE IF EXISTS `readAllCustomer` */;
/*!50003 SET @saved_cs_client      = @@character_set_client */ ;
/*!50003 SET @saved_cs_results     = @@character_set_results */ ;
/*!50003 SET @saved_col_connection = @@collation_connection */ ;
/*!50003 SET character_set_client  = utf8 */ ;
/*!50003 SET character_set_results = utf8 */ ;
/*!50003 SET collation_connection  = utf8_general_ci */ ;
/*!50003 SET @saved_sql_mode       = @@sql_mode */ ;
/*!50003 SET sql_mode              = 'STRICT_TRANS_TABLES,NO_AUTO_CREATE_USER,NO_ENGINE_SUBSTITUTION' */ ;
DELIMITER ;;
/*!50003 CREATE*/ /*!50020 DEFINER=`root`@`localhost`*/ /*!50003 PROCEDURE `readAllCustomer`(

in cname char(30), 

in ctype char(5), 

in cactive boolean

)
BEGIN

  

  case

   when(cname <> "" and ctype <> "") then

   select * from Customer 

      where Cusname like concat(cname , "%")

      and CusType = ctype

      and active is true

      order by cusName;

    

   when (ctype <> "") then

    select * from customer

      where CusType = ctype

      and active is true

      order by cusName;

   when(cname <> "") then

   select * from Customer 

      where Cusname like concat(cname , "%")

      and active is true

      order by cusName;

  

   when (cactive is false) then

      select * from customer

      where active is false

      order by cusName;

   else

    select * from customer

    where active is true

    order by cusName;

  end case;  



END */;;
DELIMITER ;
/*!50003 SET sql_mode              = @saved_sql_mode */ ;
/*!50003 SET character_set_client  = @saved_cs_client */ ;
/*!50003 SET character_set_results = @saved_cs_results */ ;
/*!50003 SET collation_connection  = @saved_col_connection */ ;
/*!50003 DROP PROCEDURE IF EXISTS `readAllInvoice` */;
/*!50003 SET @saved_cs_client      = @@character_set_client */ ;
/*!50003 SET @saved_cs_results     = @@character_set_results */ ;
/*!50003 SET @saved_col_connection = @@collation_connection */ ;
/*!50003 SET character_set_client  = utf8 */ ;
/*!50003 SET character_set_results = utf8 */ ;
/*!50003 SET collation_connection  = utf8_general_ci */ ;
/*!50003 SET @saved_sql_mode       = @@sql_mode */ ;
/*!50003 SET sql_mode              = 'STRICT_TRANS_TABLES,NO_AUTO_CREATE_USER,NO_ENGINE_SUBSTITUTION' */ ;
DELIMITER ;;
/*!50003 CREATE*/ /*!50020 DEFINER=`root`@`localhost`*/ /*!50003 PROCEDURE `readAllInvoice`(

in icusid char(15), 

in istatus char(1), 

in itype char(1), 

in iactive boolean

)
BEGIN

  

  case

   when(icusid <> "") then

   select * from Invoice 

      where invCusid =  icusid

      and active is true;

    

   when (istatus <> "") then

    select * from Invoice

      where invStatus = istatus

      and active is true;



    when (itype <> "") then

    select * from Invoice

      where invType = itype

      and active is true;



   when (iactive is false) then

      select * from Invoice

      where active is false;

   else

    select * from Invoice

    where active is true;

  end case;  



END */;;
DELIMITER ;
/*!50003 SET sql_mode              = @saved_sql_mode */ ;
/*!50003 SET character_set_client  = @saved_cs_client */ ;
/*!50003 SET character_set_results = @saved_cs_results */ ;
/*!50003 SET collation_connection  = @saved_col_connection */ ;
/*!50003 DROP PROCEDURE IF EXISTS `readAllInvoiceByCustomerName` */;
/*!50003 SET @saved_cs_client      = @@character_set_client */ ;
/*!50003 SET @saved_cs_results     = @@character_set_results */ ;
/*!50003 SET @saved_col_connection = @@collation_connection */ ;
/*!50003 SET character_set_client  = utf8 */ ;
/*!50003 SET character_set_results = utf8 */ ;
/*!50003 SET collation_connection  = utf8_general_ci */ ;
/*!50003 SET @saved_sql_mode       = @@sql_mode */ ;
/*!50003 SET sql_mode              = 'STRICT_TRANS_TABLES,NO_AUTO_CREATE_USER,NO_ENGINE_SUBSTITUTION' */ ;
DELIMITER ;;
/*!50003 CREATE*/ /*!50020 DEFINER=`root`@`localhost`*/ /*!50003 PROCEDURE `readAllInvoiceByCustomerName`(
in icusName char(30), 
in istatus char(1), 
in iType char(1),
in iactive boolean
)
BEGIN
  
  case
     when(icusName <> "") and (istatus <> "") and (iType <> "") then
   select * from InvoicesView
      where CusName like (concat(icusName, "%"))
      and invStatus = istatus
      and invType = iType
      and active is true
      order by idInvoice desc;

   when(icusName <> "") then
   select * from InvoicesView
      where CusName like (concat(icusName, "%"))
      and active is true
      order by idInvoice desc;
    
   when (istatus <> "")  and (iType <> "")then
    select * from InvoicesView
      where invStatus = istatus
      and invType = iType
      and active is true
      order by idInvoice desc;

  when (iactive is false) then
      select * from InvoicesView
      where active is false
      order by idInvoice desc;
   else
    select * from InvoicesView
    where active is true
      order by idInvoice desc;
  end case;  

END */;;
DELIMITER ;
/*!50003 SET sql_mode              = @saved_sql_mode */ ;
/*!50003 SET character_set_client  = @saved_cs_client */ ;
/*!50003 SET character_set_results = @saved_cs_results */ ;
/*!50003 SET collation_connection  = @saved_col_connection */ ;
/*!50003 DROP PROCEDURE IF EXISTS `readAllInvoiceDetail` */;
/*!50003 SET @saved_cs_client      = @@character_set_client */ ;
/*!50003 SET @saved_cs_results     = @@character_set_results */ ;
/*!50003 SET @saved_col_connection = @@collation_connection */ ;
/*!50003 SET character_set_client  = utf8 */ ;
/*!50003 SET character_set_results = utf8 */ ;
/*!50003 SET collation_connection  = utf8_general_ci */ ;
/*!50003 SET @saved_sql_mode       = @@sql_mode */ ;
/*!50003 SET sql_mode              = 'STRICT_TRANS_TABLES,NO_AUTO_CREATE_USER,NO_ENGINE_SUBSTITUTION' */ ;
DELIMITER ;;
/*!50003 CREATE*/ /*!50020 DEFINER=`root`@`localhost`*/ /*!50003 PROCEDURE `readAllInvoiceDetail`(in invoice char(15))
BEGIN

  

   select * from InvoiceDetail where idInvoice = invoice

   and active = true;



     

 



END */;;
DELIMITER ;
/*!50003 SET sql_mode              = @saved_sql_mode */ ;
/*!50003 SET character_set_client  = @saved_cs_client */ ;
/*!50003 SET character_set_results = @saved_cs_results */ ;
/*!50003 SET collation_connection  = @saved_col_connection */ ;
/*!50003 DROP PROCEDURE IF EXISTS `readAllNumber` */;
/*!50003 SET @saved_cs_client      = @@character_set_client */ ;
/*!50003 SET @saved_cs_results     = @@character_set_results */ ;
/*!50003 SET @saved_col_connection = @@collation_connection */ ;
/*!50003 SET character_set_client  = utf8 */ ;
/*!50003 SET character_set_results = utf8 */ ;
/*!50003 SET collation_connection  = utf8_general_ci */ ;
/*!50003 SET @saved_sql_mode       = @@sql_mode */ ;
/*!50003 SET sql_mode              = 'STRICT_TRANS_TABLES,NO_AUTO_CREATE_USER,NO_ENGINE_SUBSTITUTION' */ ;
DELIMITER ;;
/*!50003 CREATE*/ /*!50020 DEFINER=`root`@`localhost`*/ /*!50003 PROCEDURE `readAllNumber`()
BEGIN

  

    select * from number where active = true;

     

 



END */;;
DELIMITER ;
/*!50003 SET sql_mode              = @saved_sql_mode */ ;
/*!50003 SET character_set_client  = @saved_cs_client */ ;
/*!50003 SET character_set_results = @saved_cs_results */ ;
/*!50003 SET collation_connection  = @saved_col_connection */ ;
/*!50003 DROP PROCEDURE IF EXISTS `readAllProduct` */;
/*!50003 SET @saved_cs_client      = @@character_set_client */ ;
/*!50003 SET @saved_cs_results     = @@character_set_results */ ;
/*!50003 SET @saved_col_connection = @@collation_connection */ ;
/*!50003 SET character_set_client  = utf8 */ ;
/*!50003 SET character_set_results = utf8 */ ;
/*!50003 SET collation_connection  = utf8_general_ci */ ;
/*!50003 SET @saved_sql_mode       = @@sql_mode */ ;
/*!50003 SET sql_mode              = 'STRICT_TRANS_TABLES,NO_AUTO_CREATE_USER,NO_ENGINE_SUBSTITUTION' */ ;
DELIMITER ;;
/*!50003 CREATE*/ /*!50020 DEFINER=`root`@`localhost`*/ /*!50003 PROCEDURE `readAllProduct`(

in pcode char(15), 

in pcat char(5), 

in pactive boolean

)
BEGIN

  

  case

   when(pcode <> "") then

   select * from Product 

      where prodcode like concat(pcode , "%")

      and active is true

      order by prodDesc;

    

   when (pcat <> "") then

    select * from product

      where ProdCat = pcat

      and active is true

      order by prodDesc;



  

   when (pactive is false) then

      select * from product

      where active is false

      order by prodDesc;

   else

    select * from product

    where active is true

    order by prodDesc;

  end case;  

END */;;
DELIMITER ;
/*!50003 SET sql_mode              = @saved_sql_mode */ ;
/*!50003 SET character_set_client  = @saved_cs_client */ ;
/*!50003 SET character_set_results = @saved_cs_results */ ;
/*!50003 SET collation_connection  = @saved_col_connection */ ;
/*!50003 DROP PROCEDURE IF EXISTS `readAllProductPrice` */;
/*!50003 SET @saved_cs_client      = @@character_set_client */ ;
/*!50003 SET @saved_cs_results     = @@character_set_results */ ;
/*!50003 SET @saved_col_connection = @@collation_connection */ ;
/*!50003 SET character_set_client  = utf8 */ ;
/*!50003 SET character_set_results = utf8 */ ;
/*!50003 SET collation_connection  = utf8_general_ci */ ;
/*!50003 SET @saved_sql_mode       = @@sql_mode */ ;
/*!50003 SET sql_mode              = 'STRICT_TRANS_TABLES,NO_AUTO_CREATE_USER,NO_ENGINE_SUBSTITUTION' */ ;
DELIMITER ;;
/*!50003 CREATE*/ /*!50020 DEFINER=`root`@`localhost`*/ /*!50003 PROCEDURE `readAllProductPrice`(in prodid char(15))
BEGIN

  

   select * from Price where priProdId = prodid 

   and active = true;

     

 



END */;;
DELIMITER ;
/*!50003 SET sql_mode              = @saved_sql_mode */ ;
/*!50003 SET character_set_client  = @saved_cs_client */ ;
/*!50003 SET character_set_results = @saved_cs_results */ ;
/*!50003 SET collation_connection  = @saved_col_connection */ ;
/*!50003 DROP PROCEDURE IF EXISTS `readAllQuote` */;
/*!50003 SET @saved_cs_client      = @@character_set_client */ ;
/*!50003 SET @saved_cs_results     = @@character_set_results */ ;
/*!50003 SET @saved_col_connection = @@collation_connection */ ;
/*!50003 SET character_set_client  = utf8 */ ;
/*!50003 SET character_set_results = utf8 */ ;
/*!50003 SET collation_connection  = utf8_general_ci */ ;
/*!50003 SET @saved_sql_mode       = @@sql_mode */ ;
/*!50003 SET sql_mode              = 'STRICT_TRANS_TABLES,NO_AUTO_CREATE_USER,NO_ENGINE_SUBSTITUTION' */ ;
DELIMITER ;;
/*!50003 CREATE*/ /*!50020 DEFINER=`root`@`localhost`*/ /*!50003 PROCEDURE `readAllQuote`(

in qcusid char(15), 

in qstatus char(5), 

in qactive boolean

)
BEGIN

  

  case

   when(qcusid <> "") then

   select * from Quote

      where qteCusid =  qcusid

      and active is true

      order by qteReqDlvDate;

    

   when (qstatus <> "") then

    select * from Quote

      where qteStatus = qstatus

      and active is true

      order by qteReqDlvDate;



  when (qactive is false) then

      select * from Quote

      where active is false

      order by qteReqDlvDate;

   else

    select * from Quote

    where active is true

    order by qteReqDlvDate;

  end case;  



END */;;
DELIMITER ;
/*!50003 SET sql_mode              = @saved_sql_mode */ ;
/*!50003 SET character_set_client  = @saved_cs_client */ ;
/*!50003 SET character_set_results = @saved_cs_results */ ;
/*!50003 SET collation_connection  = @saved_col_connection */ ;
/*!50003 DROP PROCEDURE IF EXISTS `readAllQuoteByCustomerName` */;
/*!50003 SET @saved_cs_client      = @@character_set_client */ ;
/*!50003 SET @saved_cs_results     = @@character_set_results */ ;
/*!50003 SET @saved_col_connection = @@collation_connection */ ;
/*!50003 SET character_set_client  = utf8 */ ;
/*!50003 SET character_set_results = utf8 */ ;
/*!50003 SET collation_connection  = utf8_general_ci */ ;
/*!50003 SET @saved_sql_mode       = @@sql_mode */ ;
/*!50003 SET sql_mode              = '' */ ;
DELIMITER ;;
/*!50003 CREATE*/ /*!50020 DEFINER=`root`@`localhost`*/ /*!50003 PROCEDURE `readAllQuoteByCustomerName`(
in qcusName char(30), 
in qstatus char(5), 
in qactive boolean
)
BEGIN
  
  case
   when(qcusName <> "") and (qcusName <> "") then
   select * from QuotesView
      where CusName like (concat(qcusName, "%"))
      and qteStatus = qstatus
      and active is true
   order by idquote desc;

  when(qcusName <> "") then
   select * from QuotesView
      where CusName like (concat(qcusName, "%"))
      and active is true
   order by idquote desc;
    
   when (qstatus <> "") then
    select * from QuotesView
      where qteStatus = qstatus
      and active is true
     order by idquote desc;

  when (qactive is false) then
      select * from QuotesView
      where active is false
    order by idquote desc;
   else
    select * from QuotesView
    where active is true
    order by idquote desc;
  end case;  

END */;;
DELIMITER ;
/*!50003 SET sql_mode              = @saved_sql_mode */ ;
/*!50003 SET character_set_client  = @saved_cs_client */ ;
/*!50003 SET character_set_results = @saved_cs_results */ ;
/*!50003 SET collation_connection  = @saved_col_connection */ ;
/*!50003 DROP PROCEDURE IF EXISTS `readAllQuoteByProductId` */;
/*!50003 SET @saved_cs_client      = @@character_set_client */ ;
/*!50003 SET @saved_cs_results     = @@character_set_results */ ;
/*!50003 SET @saved_col_connection = @@collation_connection */ ;
/*!50003 SET character_set_client  = utf8 */ ;
/*!50003 SET character_set_results = utf8 */ ;
/*!50003 SET collation_connection  = utf8_general_ci */ ;
/*!50003 SET @saved_sql_mode       = @@sql_mode */ ;
/*!50003 SET sql_mode              = 'STRICT_TRANS_TABLES,NO_AUTO_CREATE_USER,NO_ENGINE_SUBSTITUTION' */ ;
DELIMITER ;;
/*!50003 CREATE*/ /*!50020 DEFINER=`root`@`localhost`*/ /*!50003 PROCEDURE `readAllQuoteByProductId`(

in qProdId char(15), 

in qactive boolean

)
BEGIN

  

  case

   when(qProdId <> "")  then

   select * from QuoteDetail

      where qteProdid = qProdId

      and active is true

      order by idQuote;

      

   

   when (qstatus <> "") then

    select * from QuoteDetail

      where qteStatus = qstatus

      and active is true

      order by idQuote;



  when (qactive is false) then

      select * from QuoteDetail

       where active is true

      order by idQuote;



   else

    select * from QuoteDetail

       where active is true

      order by idQuote;

  end case;  



END */;;
DELIMITER ;
/*!50003 SET sql_mode              = @saved_sql_mode */ ;
/*!50003 SET character_set_client  = @saved_cs_client */ ;
/*!50003 SET character_set_results = @saved_cs_results */ ;
/*!50003 SET collation_connection  = @saved_col_connection */ ;
/*!50003 DROP PROCEDURE IF EXISTS `readAllQuoteDetail` */;
/*!50003 SET @saved_cs_client      = @@character_set_client */ ;
/*!50003 SET @saved_cs_results     = @@character_set_results */ ;
/*!50003 SET @saved_col_connection = @@collation_connection */ ;
/*!50003 SET character_set_client  = utf8 */ ;
/*!50003 SET character_set_results = utf8 */ ;
/*!50003 SET collation_connection  = utf8_general_ci */ ;
/*!50003 SET @saved_sql_mode       = @@sql_mode */ ;
/*!50003 SET sql_mode              = 'STRICT_TRANS_TABLES,NO_AUTO_CREATE_USER,NO_ENGINE_SUBSTITUTION' */ ;
DELIMITER ;;
/*!50003 CREATE*/ /*!50020 DEFINER=`root`@`localhost`*/ /*!50003 PROCEDURE `readAllQuoteDetail`(in quoteid char(15))
BEGIN

  

   select * from quoteDetail where idQuote = quoteid 

   and active = true;

     

 



END */;;
DELIMITER ;
/*!50003 SET sql_mode              = @saved_sql_mode */ ;
/*!50003 SET character_set_client  = @saved_cs_client */ ;
/*!50003 SET character_set_results = @saved_cs_results */ ;
/*!50003 SET collation_connection  = @saved_col_connection */ ;
/*!50003 DROP PROCEDURE IF EXISTS `readFreeText` */;
/*!50003 SET @saved_cs_client      = @@character_set_client */ ;
/*!50003 SET @saved_cs_results     = @@character_set_results */ ;
/*!50003 SET @saved_col_connection = @@collation_connection */ ;
/*!50003 SET character_set_client  = utf8 */ ;
/*!50003 SET character_set_results = utf8 */ ;
/*!50003 SET collation_connection  = utf8_general_ci */ ;
/*!50003 SET @saved_sql_mode       = @@sql_mode */ ;
/*!50003 SET sql_mode              = 'STRICT_TRANS_TABLES,NO_AUTO_CREATE_USER,NO_ENGINE_SUBSTITUTION' */ ;
DELIMITER ;;
/*!50003 CREATE*/ /*!50020 DEFINER=`root`@`localhost`*/ /*!50003 PROCEDURE `readFreeText`(
IN id char(15),
IN lan char(5))
BEGIN


select * from  `freetext`
where 
 idFreeText = id and  FreeLanguage = lan;
 

END */;;
DELIMITER ;
/*!50003 SET sql_mode              = @saved_sql_mode */ ;
/*!50003 SET character_set_client  = @saved_cs_client */ ;
/*!50003 SET character_set_results = @saved_cs_results */ ;
/*!50003 SET collation_connection  = @saved_col_connection */ ;
/*!50003 DROP PROCEDURE IF EXISTS `readLastNumber` */;
/*!50003 SET @saved_cs_client      = @@character_set_client */ ;
/*!50003 SET @saved_cs_results     = @@character_set_results */ ;
/*!50003 SET @saved_col_connection = @@collation_connection */ ;
/*!50003 SET character_set_client  = utf8 */ ;
/*!50003 SET character_set_results = utf8 */ ;
/*!50003 SET collation_connection  = utf8_general_ci */ ;
/*!50003 SET @saved_sql_mode       = @@sql_mode */ ;
/*!50003 SET sql_mode              = 'STRICT_TRANS_TABLES,NO_AUTO_CREATE_USER,NO_ENGINE_SUBSTITUTION' */ ;
DELIMITER ;;
/*!50003 CREATE*/ /*!50020 DEFINER=`root`@`localhost`*/ /*!50003 PROCEDURE `readLastNumber`(in category char(5), in nyear dec(4.0))
BEGIN

  

  declare success boolean;

  set success = false;

  call getLastNumber(category, nyear, success);

   select * from number where nbrCategory = category and  nbrYear = nyear;

     

 



END */;;
DELIMITER ;
/*!50003 SET sql_mode              = @saved_sql_mode */ ;
/*!50003 SET character_set_client  = @saved_cs_client */ ;
/*!50003 SET character_set_results = @saved_cs_results */ ;
/*!50003 SET collation_connection  = @saved_col_connection */ ;
/*!50003 DROP PROCEDURE IF EXISTS `readOneAddress` */;
/*!50003 SET @saved_cs_client      = @@character_set_client */ ;
/*!50003 SET @saved_cs_results     = @@character_set_results */ ;
/*!50003 SET @saved_col_connection = @@collation_connection */ ;
/*!50003 SET character_set_client  = utf8 */ ;
/*!50003 SET character_set_results = utf8 */ ;
/*!50003 SET collation_connection  = utf8_general_ci */ ;
/*!50003 SET @saved_sql_mode       = @@sql_mode */ ;
/*!50003 SET sql_mode              = 'STRICT_TRANS_TABLES,NO_AUTO_CREATE_USER,NO_ENGINE_SUBSTITUTION' */ ;
DELIMITER ;;
/*!50003 CREATE*/ /*!50020 DEFINER=`root`@`localhost`*/ /*!50003 PROCEDURE `readOneAddress`(in ref char(15), in addid char(15))
BEGIN

  

   select * from Address 

     where AddRef = ref and idAddress = addid;

     

 



END */;;
DELIMITER ;
/*!50003 SET sql_mode              = @saved_sql_mode */ ;
/*!50003 SET character_set_client  = @saved_cs_client */ ;
/*!50003 SET character_set_results = @saved_cs_results */ ;
/*!50003 SET collation_connection  = @saved_col_connection */ ;
/*!50003 DROP PROCEDURE IF EXISTS `readOneAddressByID` */;
/*!50003 SET @saved_cs_client      = @@character_set_client */ ;
/*!50003 SET @saved_cs_results     = @@character_set_results */ ;
/*!50003 SET @saved_col_connection = @@collation_connection */ ;
/*!50003 SET character_set_client  = utf8 */ ;
/*!50003 SET character_set_results = utf8 */ ;
/*!50003 SET collation_connection  = utf8_general_ci */ ;
/*!50003 SET @saved_sql_mode       = @@sql_mode */ ;
/*!50003 SET sql_mode              = 'STRICT_TRANS_TABLES,NO_AUTO_CREATE_USER,NO_ENGINE_SUBSTITUTION' */ ;
DELIMITER ;;
/*!50003 CREATE*/ /*!50020 DEFINER=`root`@`localhost`*/ /*!50003 PROCEDURE `readOneAddressByID`(in addid char(15))
BEGIN

  

   select * from Address 

     where idAddress = addid;

     

 



END */;;
DELIMITER ;
/*!50003 SET sql_mode              = @saved_sql_mode */ ;
/*!50003 SET character_set_client  = @saved_cs_client */ ;
/*!50003 SET character_set_results = @saved_cs_results */ ;
/*!50003 SET collation_connection  = @saved_col_connection */ ;
/*!50003 DROP PROCEDURE IF EXISTS `readOneCodeDetail` */;
/*!50003 SET @saved_cs_client      = @@character_set_client */ ;
/*!50003 SET @saved_cs_results     = @@character_set_results */ ;
/*!50003 SET @saved_col_connection = @@collation_connection */ ;
/*!50003 SET character_set_client  = utf8 */ ;
/*!50003 SET character_set_results = utf8 */ ;
/*!50003 SET collation_connection  = utf8_general_ci */ ;
/*!50003 SET @saved_sql_mode       = @@sql_mode */ ;
/*!50003 SET sql_mode              = 'STRICT_TRANS_TABLES,NO_AUTO_CREATE_USER,NO_ENGINE_SUBSTITUTION' */ ;
DELIMITER ;;
/*!50003 CREATE*/ /*!50020 DEFINER=`root`@`localhost`*/ /*!50003 PROCEDURE `readOneCodeDetail`(

in ref char(3),

in det char(5))
BEGIN

  

   select * from CodeDetail 

     where idCode = ref

      and codeDet = det;

     

 



END */;;
DELIMITER ;
/*!50003 SET sql_mode              = @saved_sql_mode */ ;
/*!50003 SET character_set_client  = @saved_cs_client */ ;
/*!50003 SET character_set_results = @saved_cs_results */ ;
/*!50003 SET collation_connection  = @saved_col_connection */ ;
/*!50003 DROP PROCEDURE IF EXISTS `readOneCodeHeader` */;
/*!50003 SET @saved_cs_client      = @@character_set_client */ ;
/*!50003 SET @saved_cs_results     = @@character_set_results */ ;
/*!50003 SET @saved_col_connection = @@collation_connection */ ;
/*!50003 SET character_set_client  = utf8 */ ;
/*!50003 SET character_set_results = utf8 */ ;
/*!50003 SET collation_connection  = utf8_general_ci */ ;
/*!50003 SET @saved_sql_mode       = @@sql_mode */ ;
/*!50003 SET sql_mode              = 'STRICT_TRANS_TABLES,NO_AUTO_CREATE_USER,NO_ENGINE_SUBSTITUTION' */ ;
DELIMITER ;;
/*!50003 CREATE*/ /*!50020 DEFINER=`root`@`localhost`*/ /*!50003 PROCEDURE `readOneCodeHeader`(in ref char(3))
BEGIN

  

   select * from codeheader 

     where idCode = ref;

     

 



END */;;
DELIMITER ;
/*!50003 SET sql_mode              = @saved_sql_mode */ ;
/*!50003 SET character_set_client  = @saved_cs_client */ ;
/*!50003 SET character_set_results = @saved_cs_results */ ;
/*!50003 SET collation_connection  = @saved_col_connection */ ;
/*!50003 DROP PROCEDURE IF EXISTS `readOneContact` */;
/*!50003 SET @saved_cs_client      = @@character_set_client */ ;
/*!50003 SET @saved_cs_results     = @@character_set_results */ ;
/*!50003 SET @saved_col_connection = @@collation_connection */ ;
/*!50003 SET character_set_client  = utf8 */ ;
/*!50003 SET character_set_results = utf8 */ ;
/*!50003 SET collation_connection  = utf8_general_ci */ ;
/*!50003 SET @saved_sql_mode       = @@sql_mode */ ;
/*!50003 SET sql_mode              = 'STRICT_TRANS_TABLES,NO_AUTO_CREATE_USER,NO_ENGINE_SUBSTITUTION' */ ;
DELIMITER ;;
/*!50003 CREATE*/ /*!50020 DEFINER=`root`@`localhost`*/ /*!50003 PROCEDURE `readOneContact`(in contact char(15))
BEGIN

  

   select * from Contact 

     where idContact = contact;

     

 



END */;;
DELIMITER ;
/*!50003 SET sql_mode              = @saved_sql_mode */ ;
/*!50003 SET character_set_client  = @saved_cs_client */ ;
/*!50003 SET character_set_results = @saved_cs_results */ ;
/*!50003 SET collation_connection  = @saved_col_connection */ ;
/*!50003 DROP PROCEDURE IF EXISTS `readOneCustomer` */;
/*!50003 SET @saved_cs_client      = @@character_set_client */ ;
/*!50003 SET @saved_cs_results     = @@character_set_results */ ;
/*!50003 SET @saved_col_connection = @@collation_connection */ ;
/*!50003 SET character_set_client  = utf8 */ ;
/*!50003 SET character_set_results = utf8 */ ;
/*!50003 SET collation_connection  = utf8_general_ci */ ;
/*!50003 SET @saved_sql_mode       = @@sql_mode */ ;
/*!50003 SET sql_mode              = 'STRICT_TRANS_TABLES,NO_AUTO_CREATE_USER,NO_ENGINE_SUBSTITUTION' */ ;
DELIMITER ;;
/*!50003 CREATE*/ /*!50020 DEFINER=`root`@`localhost`*/ /*!50003 PROCEDURE `readOneCustomer`(in cus char(15))
BEGIN

  

   select * from Customer 

     where idCus = cus;

     

 



END */;;
DELIMITER ;
/*!50003 SET sql_mode              = @saved_sql_mode */ ;
/*!50003 SET character_set_client  = @saved_cs_client */ ;
/*!50003 SET character_set_results = @saved_cs_results */ ;
/*!50003 SET collation_connection  = @saved_col_connection */ ;
/*!50003 DROP PROCEDURE IF EXISTS `readOneInvoice` */;
/*!50003 SET @saved_cs_client      = @@character_set_client */ ;
/*!50003 SET @saved_cs_results     = @@character_set_results */ ;
/*!50003 SET @saved_col_connection = @@collation_connection */ ;
/*!50003 SET character_set_client  = utf8 */ ;
/*!50003 SET character_set_results = utf8 */ ;
/*!50003 SET collation_connection  = utf8_general_ci */ ;
/*!50003 SET @saved_sql_mode       = @@sql_mode */ ;
/*!50003 SET sql_mode              = 'STRICT_TRANS_TABLES,NO_AUTO_CREATE_USER,NO_ENGINE_SUBSTITUTION' */ ;
DELIMITER ;;
/*!50003 CREATE*/ /*!50020 DEFINER=`root`@`localhost`*/ /*!50003 PROCEDURE `readOneInvoice`(in invoice char(15))
BEGIN

  

   select * from Invoice where idInvoice = invoice ;

     

 



END */;;
DELIMITER ;
/*!50003 SET sql_mode              = @saved_sql_mode */ ;
/*!50003 SET character_set_client  = @saved_cs_client */ ;
/*!50003 SET character_set_results = @saved_cs_results */ ;
/*!50003 SET collation_connection  = @saved_col_connection */ ;
/*!50003 DROP PROCEDURE IF EXISTS `readOneInvoiceDetail` */;
/*!50003 SET @saved_cs_client      = @@character_set_client */ ;
/*!50003 SET @saved_cs_results     = @@character_set_results */ ;
/*!50003 SET @saved_col_connection = @@collation_connection */ ;
/*!50003 SET character_set_client  = utf8 */ ;
/*!50003 SET character_set_results = utf8 */ ;
/*!50003 SET collation_connection  = utf8_general_ci */ ;
/*!50003 SET @saved_sql_mode       = @@sql_mode */ ;
/*!50003 SET sql_mode              = 'STRICT_TRANS_TABLES,NO_AUTO_CREATE_USER,NO_ENGINE_SUBSTITUTION' */ ;
DELIMITER ;;
/*!50003 CREATE*/ /*!50020 DEFINER=`root`@`localhost`*/ /*!50003 PROCEDURE `readOneInvoiceDetail`(in invoiceid char(15), in line int)
BEGIN

  

   select * from invoicedetail where idInvoice = invoiceid 

   and invDetline = line;

     

 



END */;;
DELIMITER ;
/*!50003 SET sql_mode              = @saved_sql_mode */ ;
/*!50003 SET character_set_client  = @saved_cs_client */ ;
/*!50003 SET character_set_results = @saved_cs_results */ ;
/*!50003 SET collation_connection  = @saved_col_connection */ ;
/*!50003 DROP PROCEDURE IF EXISTS `readOneNumber` */;
/*!50003 SET @saved_cs_client      = @@character_set_client */ ;
/*!50003 SET @saved_cs_results     = @@character_set_results */ ;
/*!50003 SET @saved_col_connection = @@collation_connection */ ;
/*!50003 SET character_set_client  = utf8 */ ;
/*!50003 SET character_set_results = utf8 */ ;
/*!50003 SET collation_connection  = utf8_general_ci */ ;
/*!50003 SET @saved_sql_mode       = @@sql_mode */ ;
/*!50003 SET sql_mode              = 'STRICT_TRANS_TABLES,NO_AUTO_CREATE_USER,NO_ENGINE_SUBSTITUTION' */ ;
DELIMITER ;;
/*!50003 CREATE*/ /*!50020 DEFINER=`root`@`localhost`*/ /*!50003 PROCEDURE `readOneNumber`(in category char(5), in nyear dec(4.0))
BEGIN

  

   select * from number where nbrCategory = category and  nbrYear = nyear;

     

 



END */;;
DELIMITER ;
/*!50003 SET sql_mode              = @saved_sql_mode */ ;
/*!50003 SET character_set_client  = @saved_cs_client */ ;
/*!50003 SET character_set_results = @saved_cs_results */ ;
/*!50003 SET collation_connection  = @saved_col_connection */ ;
/*!50003 DROP PROCEDURE IF EXISTS `readOneProduct` */;
/*!50003 SET @saved_cs_client      = @@character_set_client */ ;
/*!50003 SET @saved_cs_results     = @@character_set_results */ ;
/*!50003 SET @saved_col_connection = @@collation_connection */ ;
/*!50003 SET character_set_client  = utf8 */ ;
/*!50003 SET character_set_results = utf8 */ ;
/*!50003 SET collation_connection  = utf8_general_ci */ ;
/*!50003 SET @saved_sql_mode       = @@sql_mode */ ;
/*!50003 SET sql_mode              = 'STRICT_TRANS_TABLES,NO_AUTO_CREATE_USER,NO_ENGINE_SUBSTITUTION' */ ;
DELIMITER ;;
/*!50003 CREATE*/ /*!50020 DEFINER=`root`@`localhost`*/ /*!50003 PROCEDURE `readOneProduct`(in prodid char(15))
BEGIN

  

   select * from Product where idProd = prodid ;

     

 



END */;;
DELIMITER ;
/*!50003 SET sql_mode              = @saved_sql_mode */ ;
/*!50003 SET character_set_client  = @saved_cs_client */ ;
/*!50003 SET character_set_results = @saved_cs_results */ ;
/*!50003 SET collation_connection  = @saved_col_connection */ ;
/*!50003 DROP PROCEDURE IF EXISTS `readOneProductByCode` */;
/*!50003 SET @saved_cs_client      = @@character_set_client */ ;
/*!50003 SET @saved_cs_results     = @@character_set_results */ ;
/*!50003 SET @saved_col_connection = @@collation_connection */ ;
/*!50003 SET character_set_client  = utf8 */ ;
/*!50003 SET character_set_results = utf8 */ ;
/*!50003 SET collation_connection  = utf8_general_ci */ ;
/*!50003 SET @saved_sql_mode       = @@sql_mode */ ;
/*!50003 SET sql_mode              = 'STRICT_TRANS_TABLES,NO_AUTO_CREATE_USER,NO_ENGINE_SUBSTITUTION' */ ;
DELIMITER ;;
/*!50003 CREATE*/ /*!50020 DEFINER=`root`@`localhost`*/ /*!50003 PROCEDURE `readOneProductByCode`(in pCode char(15))
BEGIN

  

   select * from Product where ProdCode = pCode ;

     

 



END */;;
DELIMITER ;
/*!50003 SET sql_mode              = @saved_sql_mode */ ;
/*!50003 SET character_set_client  = @saved_cs_client */ ;
/*!50003 SET character_set_results = @saved_cs_results */ ;
/*!50003 SET collation_connection  = @saved_col_connection */ ;
/*!50003 DROP PROCEDURE IF EXISTS `readOneProductPrice` */;
/*!50003 SET @saved_cs_client      = @@character_set_client */ ;
/*!50003 SET @saved_cs_results     = @@character_set_results */ ;
/*!50003 SET @saved_col_connection = @@collation_connection */ ;
/*!50003 SET character_set_client  = utf8 */ ;
/*!50003 SET character_set_results = utf8 */ ;
/*!50003 SET collation_connection  = utf8_general_ci */ ;
/*!50003 SET @saved_sql_mode       = @@sql_mode */ ;
/*!50003 SET sql_mode              = 'STRICT_TRANS_TABLES,NO_AUTO_CREATE_USER,NO_ENGINE_SUBSTITUTION' */ ;
DELIMITER ;;
/*!50003 CREATE*/ /*!50020 DEFINER=`root`@`localhost`*/ /*!50003 PROCEDURE `readOneProductPrice`(in priceid char(15))
BEGIN

  

   select * from Price where idPrice = priceid;

     

 



END */;;
DELIMITER ;
/*!50003 SET sql_mode              = @saved_sql_mode */ ;
/*!50003 SET character_set_client  = @saved_cs_client */ ;
/*!50003 SET character_set_results = @saved_cs_results */ ;
/*!50003 SET collation_connection  = @saved_col_connection */ ;
/*!50003 DROP PROCEDURE IF EXISTS `readOneQuote` */;
/*!50003 SET @saved_cs_client      = @@character_set_client */ ;
/*!50003 SET @saved_cs_results     = @@character_set_results */ ;
/*!50003 SET @saved_col_connection = @@collation_connection */ ;
/*!50003 SET character_set_client  = utf8 */ ;
/*!50003 SET character_set_results = utf8 */ ;
/*!50003 SET collation_connection  = utf8_general_ci */ ;
/*!50003 SET @saved_sql_mode       = @@sql_mode */ ;
/*!50003 SET sql_mode              = 'STRICT_TRANS_TABLES,NO_AUTO_CREATE_USER,NO_ENGINE_SUBSTITUTION' */ ;
DELIMITER ;;
/*!50003 CREATE*/ /*!50020 DEFINER=`root`@`localhost`*/ /*!50003 PROCEDURE `readOneQuote`(in quoteid char(15))
BEGIN

  

   select * from quote where idQuote = quoteid ;

     

 



END */;;
DELIMITER ;
/*!50003 SET sql_mode              = @saved_sql_mode */ ;
/*!50003 SET character_set_client  = @saved_cs_client */ ;
/*!50003 SET character_set_results = @saved_cs_results */ ;
/*!50003 SET collation_connection  = @saved_col_connection */ ;
/*!50003 DROP PROCEDURE IF EXISTS `readOneQuoteDetail` */;
/*!50003 SET @saved_cs_client      = @@character_set_client */ ;
/*!50003 SET @saved_cs_results     = @@character_set_results */ ;
/*!50003 SET @saved_col_connection = @@collation_connection */ ;
/*!50003 SET character_set_client  = utf8 */ ;
/*!50003 SET character_set_results = utf8 */ ;
/*!50003 SET collation_connection  = utf8_general_ci */ ;
/*!50003 SET @saved_sql_mode       = @@sql_mode */ ;
/*!50003 SET sql_mode              = 'STRICT_TRANS_TABLES,NO_AUTO_CREATE_USER,NO_ENGINE_SUBSTITUTION' */ ;
DELIMITER ;;
/*!50003 CREATE*/ /*!50020 DEFINER=`root`@`localhost`*/ /*!50003 PROCEDURE `readOneQuoteDetail`(in quoteid char(15), in line int)
BEGIN

  

   select * from quotedetail where idQuote = quoteid 

   and qteDetline = line;

     

 



END */;;
DELIMITER ;
/*!50003 SET sql_mode              = @saved_sql_mode */ ;
/*!50003 SET character_set_client  = @saved_cs_client */ ;
/*!50003 SET character_set_results = @saved_cs_results */ ;
/*!50003 SET collation_connection  = @saved_col_connection */ ;
/*!50003 DROP PROCEDURE IF EXISTS `readProductPriceFromDate` */;
/*!50003 SET @saved_cs_client      = @@character_set_client */ ;
/*!50003 SET @saved_cs_results     = @@character_set_results */ ;
/*!50003 SET @saved_col_connection = @@collation_connection */ ;
/*!50003 SET character_set_client  = utf8 */ ;
/*!50003 SET character_set_results = utf8 */ ;
/*!50003 SET collation_connection  = utf8_general_ci */ ;
/*!50003 SET @saved_sql_mode       = @@sql_mode */ ;
/*!50003 SET sql_mode              = 'STRICT_TRANS_TABLES,NO_AUTO_CREATE_USER,NO_ENGINE_SUBSTITUTION' */ ;
DELIMITER ;;
/*!50003 CREATE*/ /*!50020 DEFINER=`root`@`localhost`*/ /*!50003 PROCEDURE `readProductPriceFromDate`(in prodid char(15), in dfrom datetime)
BEGIN

  

   select * from Price where priProdId = prodid and dfrom >= Prifrom and active = true;

     

 



END */;;
DELIMITER ;
/*!50003 SET sql_mode              = @saved_sql_mode */ ;
/*!50003 SET character_set_client  = @saved_cs_client */ ;
/*!50003 SET character_set_results = @saved_cs_results */ ;
/*!50003 SET collation_connection  = @saved_col_connection */ ;
/*!50003 DROP PROCEDURE IF EXISTS `removeAddress` */;
/*!50003 SET @saved_cs_client      = @@character_set_client */ ;
/*!50003 SET @saved_cs_results     = @@character_set_results */ ;
/*!50003 SET @saved_col_connection = @@collation_connection */ ;
/*!50003 SET character_set_client  = utf8 */ ;
/*!50003 SET character_set_results = utf8 */ ;
/*!50003 SET collation_connection  = utf8_general_ci */ ;
/*!50003 SET @saved_sql_mode       = @@sql_mode */ ;
/*!50003 SET sql_mode              = 'STRICT_TRANS_TABLES,NO_AUTO_CREATE_USER,NO_ENGINE_SUBSTITUTION' */ ;
DELIMITER ;;
/*!50003 CREATE*/ /*!50020 DEFINER=`root`@`localhost`*/ /*!50003 PROCEDURE `removeAddress`(in id char(15), out success boolean)
BEGIN

  set success = 0;

   update `groept`.`address` set active = false

   WHERE idAddress = id;

   

   if (@rows > 0) then

      set success = 1;

   end if;

END */;;
DELIMITER ;
/*!50003 SET sql_mode              = @saved_sql_mode */ ;
/*!50003 SET character_set_client  = @saved_cs_client */ ;
/*!50003 SET character_set_results = @saved_cs_results */ ;
/*!50003 SET collation_connection  = @saved_col_connection */ ;
/*!50003 DROP PROCEDURE IF EXISTS `removeCode` */;
/*!50003 SET @saved_cs_client      = @@character_set_client */ ;
/*!50003 SET @saved_cs_results     = @@character_set_results */ ;
/*!50003 SET @saved_col_connection = @@collation_connection */ ;
/*!50003 SET character_set_client  = utf8 */ ;
/*!50003 SET character_set_results = utf8 */ ;
/*!50003 SET collation_connection  = utf8_general_ci */ ;
/*!50003 SET @saved_sql_mode       = @@sql_mode */ ;
/*!50003 SET sql_mode              = 'STRICT_TRANS_TABLES,NO_AUTO_CREATE_USER,NO_ENGINE_SUBSTITUTION' */ ;
DELIMITER ;;
/*!50003 CREATE*/ /*!50020 DEFINER=`root`@`localhost`*/ /*!50003 PROCEDURE `removeCode`(in code char(3), out success boolean)
BEGIN

  set success = 0;

  

  update codeHeader set active = false where idCode = code;

  

  if(@rows > 0) then

    set success = 1;

  end if;

  



END */;;
DELIMITER ;
/*!50003 SET sql_mode              = @saved_sql_mode */ ;
/*!50003 SET character_set_client  = @saved_cs_client */ ;
/*!50003 SET character_set_results = @saved_cs_results */ ;
/*!50003 SET collation_connection  = @saved_col_connection */ ;
/*!50003 DROP PROCEDURE IF EXISTS `removeCodeDetail` */;
/*!50003 SET @saved_cs_client      = @@character_set_client */ ;
/*!50003 SET @saved_cs_results     = @@character_set_results */ ;
/*!50003 SET @saved_col_connection = @@collation_connection */ ;
/*!50003 SET character_set_client  = utf8 */ ;
/*!50003 SET character_set_results = utf8 */ ;
/*!50003 SET collation_connection  = utf8_general_ci */ ;
/*!50003 SET @saved_sql_mode       = @@sql_mode */ ;
/*!50003 SET sql_mode              = 'STRICT_TRANS_TABLES,NO_AUTO_CREATE_USER,NO_ENGINE_SUBSTITUTION' */ ;
DELIMITER ;;
/*!50003 CREATE*/ /*!50020 DEFINER=`root`@`localhost`*/ /*!50003 PROCEDURE `removeCodeDetail`(in icode char(3), in det char(9), out success boolean)
BEGIN

  set success = 0;

  

  update codeDetail set active = false 

  where idCode = icode

  and codeDet = det;

  

  if(@row > 0) then

    set success = 1;

  end if;

  

END */;;
DELIMITER ;
/*!50003 SET sql_mode              = @saved_sql_mode */ ;
/*!50003 SET character_set_client  = @saved_cs_client */ ;
/*!50003 SET character_set_results = @saved_cs_results */ ;
/*!50003 SET collation_connection  = @saved_col_connection */ ;
/*!50003 DROP PROCEDURE IF EXISTS `removeContact` */;
/*!50003 SET @saved_cs_client      = @@character_set_client */ ;
/*!50003 SET @saved_cs_results     = @@character_set_results */ ;
/*!50003 SET @saved_col_connection = @@collation_connection */ ;
/*!50003 SET character_set_client  = utf8 */ ;
/*!50003 SET character_set_results = utf8 */ ;
/*!50003 SET collation_connection  = utf8_general_ci */ ;
/*!50003 SET @saved_sql_mode       = @@sql_mode */ ;
/*!50003 SET sql_mode              = 'STRICT_TRANS_TABLES,NO_AUTO_CREATE_USER,NO_ENGINE_SUBSTITUTION' */ ;
DELIMITER ;;
/*!50003 CREATE*/ /*!50020 DEFINER=`root`@`localhost`*/ /*!50003 PROCEDURE `removeContact`(in id char(15), out success boolean)
BEGIN

  set success = 0;

  

  update contact set active = false where idContact = id;

  

  if(@rows >0) then

    set success = 1;

  end if;

  



END */;;
DELIMITER ;
/*!50003 SET sql_mode              = @saved_sql_mode */ ;
/*!50003 SET character_set_client  = @saved_cs_client */ ;
/*!50003 SET character_set_results = @saved_cs_results */ ;
/*!50003 SET collation_connection  = @saved_col_connection */ ;
/*!50003 DROP PROCEDURE IF EXISTS `removeCustomer` */;
/*!50003 SET @saved_cs_client      = @@character_set_client */ ;
/*!50003 SET @saved_cs_results     = @@character_set_results */ ;
/*!50003 SET @saved_col_connection = @@collation_connection */ ;
/*!50003 SET character_set_client  = utf8 */ ;
/*!50003 SET character_set_results = utf8 */ ;
/*!50003 SET collation_connection  = utf8_general_ci */ ;
/*!50003 SET @saved_sql_mode       = @@sql_mode */ ;
/*!50003 SET sql_mode              = 'STRICT_TRANS_TABLES,NO_AUTO_CREATE_USER,NO_ENGINE_SUBSTITUTION' */ ;
DELIMITER ;;
/*!50003 CREATE*/ /*!50020 DEFINER=`root`@`localhost`*/ /*!50003 PROCEDURE `removeCustomer`(in cus char(15), out success boolean)
BEGIN

  set success = 0;

  

  update customer set active = false where idCus = cus;

  

  if(@rows  > 0) then

    set success = 1;

  end if;

  



END */;;
DELIMITER ;
/*!50003 SET sql_mode              = @saved_sql_mode */ ;
/*!50003 SET character_set_client  = @saved_cs_client */ ;
/*!50003 SET character_set_results = @saved_cs_results */ ;
/*!50003 SET collation_connection  = @saved_col_connection */ ;
/*!50003 DROP PROCEDURE IF EXISTS `removeInvoice` */;
/*!50003 SET @saved_cs_client      = @@character_set_client */ ;
/*!50003 SET @saved_cs_results     = @@character_set_results */ ;
/*!50003 SET @saved_col_connection = @@collation_connection */ ;
/*!50003 SET character_set_client  = utf8 */ ;
/*!50003 SET character_set_results = utf8 */ ;
/*!50003 SET collation_connection  = utf8_general_ci */ ;
/*!50003 SET @saved_sql_mode       = @@sql_mode */ ;
/*!50003 SET sql_mode              = 'STRICT_TRANS_TABLES,NO_AUTO_CREATE_USER,NO_ENGINE_SUBSTITUTION' */ ;
DELIMITER ;;
/*!50003 CREATE*/ /*!50020 DEFINER=`root`@`localhost`*/ /*!50003 PROCEDURE `removeInvoice`(in invoiceid char(15), out success boolean)
BEGIN

  set success = false;

   

   update  invoicedetail set active = false where idInvoice = invoiceid ;

   update  invoice set active = false where idInvoice = invoiceid ;

   

   if(@rows > 0) then

        set success = true;

       

   end if;    

     

 



END */;;
DELIMITER ;
/*!50003 SET sql_mode              = @saved_sql_mode */ ;
/*!50003 SET character_set_client  = @saved_cs_client */ ;
/*!50003 SET character_set_results = @saved_cs_results */ ;
/*!50003 SET collation_connection  = @saved_col_connection */ ;
/*!50003 DROP PROCEDURE IF EXISTS `removeInvoiceDetail` */;
/*!50003 SET @saved_cs_client      = @@character_set_client */ ;
/*!50003 SET @saved_cs_results     = @@character_set_results */ ;
/*!50003 SET @saved_col_connection = @@collation_connection */ ;
/*!50003 SET character_set_client  = utf8 */ ;
/*!50003 SET character_set_results = utf8 */ ;
/*!50003 SET collation_connection  = utf8_general_ci */ ;
/*!50003 SET @saved_sql_mode       = @@sql_mode */ ;
/*!50003 SET sql_mode              = 'STRICT_TRANS_TABLES,NO_AUTO_CREATE_USER,NO_ENGINE_SUBSTITUTION' */ ;
DELIMITER ;;
/*!50003 CREATE*/ /*!50020 DEFINER=`root`@`localhost`*/ /*!50003 PROCEDURE `removeInvoiceDetail`(in invoiceid char(15), in line int, out success boolean)
BEGIN

  set success = false;

   

   delete from invoicedetail 

   where idinvoice = invoiceid 

   and invDetLine = line

   ;

   

   if(@rows > 0) then

        set success = true;

       

   end if;    

     

 



END */;;
DELIMITER ;
/*!50003 SET sql_mode              = @saved_sql_mode */ ;
/*!50003 SET character_set_client  = @saved_cs_client */ ;
/*!50003 SET character_set_results = @saved_cs_results */ ;
/*!50003 SET collation_connection  = @saved_col_connection */ ;
/*!50003 DROP PROCEDURE IF EXISTS `removeNumber` */;
/*!50003 SET @saved_cs_client      = @@character_set_client */ ;
/*!50003 SET @saved_cs_results     = @@character_set_results */ ;
/*!50003 SET @saved_col_connection = @@collation_connection */ ;
/*!50003 SET character_set_client  = utf8 */ ;
/*!50003 SET character_set_results = utf8 */ ;
/*!50003 SET collation_connection  = utf8_general_ci */ ;
/*!50003 SET @saved_sql_mode       = @@sql_mode */ ;
/*!50003 SET sql_mode              = 'STRICT_TRANS_TABLES,NO_AUTO_CREATE_USER,NO_ENGINE_SUBSTITUTION' */ ;
DELIMITER ;;
/*!50003 CREATE*/ /*!50020 DEFINER=`root`@`localhost`*/ /*!50003 PROCEDURE `removeNumber`(in category char(5), in cyear int, out success boolean)
BEGIN

  set success = 0;

  

  update Number set active = false 

  where nbrCategory = category and nbrYear = cyear;

  

  if(@rows > 0) then

    set success = 1;

  end if;

  



END */;;
DELIMITER ;
/*!50003 SET sql_mode              = @saved_sql_mode */ ;
/*!50003 SET character_set_client  = @saved_cs_client */ ;
/*!50003 SET character_set_results = @saved_cs_results */ ;
/*!50003 SET collation_connection  = @saved_col_connection */ ;
/*!50003 DROP PROCEDURE IF EXISTS `removeOneProductPrice` */;
/*!50003 SET @saved_cs_client      = @@character_set_client */ ;
/*!50003 SET @saved_cs_results     = @@character_set_results */ ;
/*!50003 SET @saved_col_connection = @@collation_connection */ ;
/*!50003 SET character_set_client  = utf8 */ ;
/*!50003 SET character_set_results = utf8 */ ;
/*!50003 SET collation_connection  = utf8_general_ci */ ;
/*!50003 SET @saved_sql_mode       = @@sql_mode */ ;
/*!50003 SET sql_mode              = 'STRICT_TRANS_TABLES,NO_AUTO_CREATE_USER,NO_ENGINE_SUBSTITUTION' */ ;
DELIMITER ;;
/*!50003 CREATE*/ /*!50020 DEFINER=`root`@`localhost`*/ /*!50003 PROCEDURE `removeOneProductPrice`(in price char(15), out success boolean)
BEGIN

  set success = 0;

  

  update price set active = false where idPrice = price;

  

  if(@rows > 0) then

    set success = 1;

  end if;

  



END */;;
DELIMITER ;
/*!50003 SET sql_mode              = @saved_sql_mode */ ;
/*!50003 SET character_set_client  = @saved_cs_client */ ;
/*!50003 SET character_set_results = @saved_cs_results */ ;
/*!50003 SET collation_connection  = @saved_col_connection */ ;
/*!50003 DROP PROCEDURE IF EXISTS `removePrice` */;
/*!50003 SET @saved_cs_client      = @@character_set_client */ ;
/*!50003 SET @saved_cs_results     = @@character_set_results */ ;
/*!50003 SET @saved_col_connection = @@collation_connection */ ;
/*!50003 SET character_set_client  = utf8 */ ;
/*!50003 SET character_set_results = utf8 */ ;
/*!50003 SET collation_connection  = utf8_general_ci */ ;
/*!50003 SET @saved_sql_mode       = @@sql_mode */ ;
/*!50003 SET sql_mode              = 'STRICT_TRANS_TABLES,NO_AUTO_CREATE_USER,NO_ENGINE_SUBSTITUTION' */ ;
DELIMITER ;;
/*!50003 CREATE*/ /*!50020 DEFINER=`root`@`localhost`*/ /*!50003 PROCEDURE `removePrice`(in prodid char(15), out success boolean)
BEGIN

  set success = 0;

  

  update price set active = false where priProdid = prodid;

  

  if(@rows >0) then

    set success = 1;

  end if;

  



END */;;
DELIMITER ;
/*!50003 SET sql_mode              = @saved_sql_mode */ ;
/*!50003 SET character_set_client  = @saved_cs_client */ ;
/*!50003 SET character_set_results = @saved_cs_results */ ;
/*!50003 SET collation_connection  = @saved_col_connection */ ;
/*!50003 DROP PROCEDURE IF EXISTS `removeProduct` */;
/*!50003 SET @saved_cs_client      = @@character_set_client */ ;
/*!50003 SET @saved_cs_results     = @@character_set_results */ ;
/*!50003 SET @saved_col_connection = @@collation_connection */ ;
/*!50003 SET character_set_client  = utf8 */ ;
/*!50003 SET character_set_results = utf8 */ ;
/*!50003 SET collation_connection  = utf8_general_ci */ ;
/*!50003 SET @saved_sql_mode       = @@sql_mode */ ;
/*!50003 SET sql_mode              = 'STRICT_TRANS_TABLES,NO_AUTO_CREATE_USER,NO_ENGINE_SUBSTITUTION' */ ;
DELIMITER ;;
/*!50003 CREATE*/ /*!50020 DEFINER=`root`@`localhost`*/ /*!50003 PROCEDURE `removeProduct`(in prodid char(15), out success boolean)
BEGIN

  set success = 0;

  

  update price set active = false where priprodid = prodid;

  update product set active = false where idProd = prodid;

  

  if(@row > 0) then

    set success = 1;

  end if;

  



END */;;
DELIMITER ;
/*!50003 SET sql_mode              = @saved_sql_mode */ ;
/*!50003 SET character_set_client  = @saved_cs_client */ ;
/*!50003 SET character_set_results = @saved_cs_results */ ;
/*!50003 SET collation_connection  = @saved_col_connection */ ;
/*!50003 DROP PROCEDURE IF EXISTS `removeQuote` */;
/*!50003 SET @saved_cs_client      = @@character_set_client */ ;
/*!50003 SET @saved_cs_results     = @@character_set_results */ ;
/*!50003 SET @saved_col_connection = @@collation_connection */ ;
/*!50003 SET character_set_client  = utf8 */ ;
/*!50003 SET character_set_results = utf8 */ ;
/*!50003 SET collation_connection  = utf8_general_ci */ ;
/*!50003 SET @saved_sql_mode       = @@sql_mode */ ;
/*!50003 SET sql_mode              = 'STRICT_TRANS_TABLES,NO_AUTO_CREATE_USER,NO_ENGINE_SUBSTITUTION' */ ;
DELIMITER ;;
/*!50003 CREATE*/ /*!50020 DEFINER=`root`@`localhost`*/ /*!50003 PROCEDURE `removeQuote`(in quoteid char(15), out success boolean)
BEGIN

  set success = false;

   

   update  quotedetail set active = false where idQuote = quoteid ;

   update  quote set active = false where idQuote = quoteid ;

   

   if(@rows > 0) then

        set success = true;

       

   end if;    

     

 



END */;;
DELIMITER ;
/*!50003 SET sql_mode              = @saved_sql_mode */ ;
/*!50003 SET character_set_client  = @saved_cs_client */ ;
/*!50003 SET character_set_results = @saved_cs_results */ ;
/*!50003 SET collation_connection  = @saved_col_connection */ ;
/*!50003 DROP PROCEDURE IF EXISTS `removeQuoteByCustomer` */;
/*!50003 SET @saved_cs_client      = @@character_set_client */ ;
/*!50003 SET @saved_cs_results     = @@character_set_results */ ;
/*!50003 SET @saved_col_connection = @@collation_connection */ ;
/*!50003 SET character_set_client  = utf8 */ ;
/*!50003 SET character_set_results = utf8 */ ;
/*!50003 SET collation_connection  = utf8_general_ci */ ;
/*!50003 SET @saved_sql_mode       = @@sql_mode */ ;
/*!50003 SET sql_mode              = 'STRICT_TRANS_TABLES,NO_AUTO_CREATE_USER,NO_ENGINE_SUBSTITUTION' */ ;
DELIMITER ;;
/*!50003 CREATE*/ /*!50020 DEFINER=`root`@`localhost`*/ /*!50003 PROCEDURE `removeQuoteByCustomer`(in cusid char(15), out success boolean)
BEGIN

  set success = false;

   

   update  quotedetail set active = false 

   where idQuote in (select idquote from quote where qteCusid = cusid);

   update  quote set active = false where qteCusId = cusid;

   

   if(@rows > 0) then

        set success = true;

       

   end if;    

     

 



END */;;
DELIMITER ;
/*!50003 SET sql_mode              = @saved_sql_mode */ ;
/*!50003 SET character_set_client  = @saved_cs_client */ ;
/*!50003 SET character_set_results = @saved_cs_results */ ;
/*!50003 SET collation_connection  = @saved_col_connection */ ;
/*!50003 DROP PROCEDURE IF EXISTS `removeQuoteDetail` */;
/*!50003 SET @saved_cs_client      = @@character_set_client */ ;
/*!50003 SET @saved_cs_results     = @@character_set_results */ ;
/*!50003 SET @saved_col_connection = @@collation_connection */ ;
/*!50003 SET character_set_client  = utf8 */ ;
/*!50003 SET character_set_results = utf8 */ ;
/*!50003 SET collation_connection  = utf8_general_ci */ ;
/*!50003 SET @saved_sql_mode       = @@sql_mode */ ;
/*!50003 SET sql_mode              = 'STRICT_TRANS_TABLES,NO_AUTO_CREATE_USER,NO_ENGINE_SUBSTITUTION' */ ;
DELIMITER ;;
/*!50003 CREATE*/ /*!50020 DEFINER=`root`@`localhost`*/ /*!50003 PROCEDURE `removeQuoteDetail`(in quoteid char(15), in line int, out success boolean)
BEGIN

  set success = false;

   

   update  quotedetail set active = false where idQuote = quoteid 

   and qteDetLine = line;

   

   if(@rows > 0) then

        set success = true;

       

   end if;    

     

 



END */;;
DELIMITER ;
/*!50003 SET sql_mode              = @saved_sql_mode */ ;
/*!50003 SET character_set_client  = @saved_cs_client */ ;
/*!50003 SET character_set_results = @saved_cs_results */ ;
/*!50003 SET collation_connection  = @saved_col_connection */ ;
/*!50003 DROP PROCEDURE IF EXISTS `updateAddress` */;
/*!50003 SET @saved_cs_client      = @@character_set_client */ ;
/*!50003 SET @saved_cs_results     = @@character_set_results */ ;
/*!50003 SET @saved_col_connection = @@collation_connection */ ;
/*!50003 SET character_set_client  = utf8 */ ;
/*!50003 SET character_set_results = utf8 */ ;
/*!50003 SET collation_connection  = utf8_general_ci */ ;
/*!50003 SET @saved_sql_mode       = @@sql_mode */ ;
/*!50003 SET sql_mode              = 'STRICT_TRANS_TABLES,NO_AUTO_CREATE_USER,NO_ENGINE_SUBSTITUTION' */ ;
DELIMITER ;;
/*!50003 CREATE*/ /*!50020 DEFINER=`root`@`localhost`*/ /*!50003 PROCEDURE `updateAddress`(
IN id char(15),
IN Ref char(15),
IN street char(30),
IN Number char(5),
IN box char(5),
IN zip char(15),
IN city char(20),
IN country char(3),
IN aType char(5),
Out success boolean)
BEGIN
set success = 0;


update `groept`.`address`
set `addstreet` = street,
`addNumber` = number,
`addbox`= box,
`addzip` = zip,
`addcity` = city,
`addcountry` = country,
`addtype` =atype

where idaddress = id and addref = ref;

if(@rows = 1) then
    set success = 1;
end if;
END */;;
DELIMITER ;
/*!50003 SET sql_mode              = @saved_sql_mode */ ;
/*!50003 SET character_set_client  = @saved_cs_client */ ;
/*!50003 SET character_set_results = @saved_cs_results */ ;
/*!50003 SET collation_connection  = @saved_col_connection */ ;
/*!50003 DROP PROCEDURE IF EXISTS `updateCodeDetail` */;
/*!50003 SET @saved_cs_client      = @@character_set_client */ ;
/*!50003 SET @saved_cs_results     = @@character_set_results */ ;
/*!50003 SET @saved_col_connection = @@collation_connection */ ;
/*!50003 SET character_set_client  = utf8 */ ;
/*!50003 SET character_set_results = utf8 */ ;
/*!50003 SET collation_connection  = utf8_general_ci */ ;
/*!50003 SET @saved_sql_mode       = @@sql_mode */ ;
/*!50003 SET sql_mode              = 'STRICT_TRANS_TABLES,NO_AUTO_CREATE_USER,NO_ENGINE_SUBSTITUTION' */ ;
DELIMITER ;;
/*!50003 CREATE*/ /*!50020 DEFINER=`root`@`%`*/ /*!50003 PROCEDURE `updateCodeDetail`(
IN id char(3), 
in det char(9), 
in cdesc char(30), 
out success boolean)
BEGIN
set success = 0;
update `groept`.`codedetail`
set 
codeDesc = cDesc
where idCode = id
and codeDet = det;


if(@rows > 0) then
 set Success = 1;
end if;
END */;;
DELIMITER ;
/*!50003 SET sql_mode              = @saved_sql_mode */ ;
/*!50003 SET character_set_client  = @saved_cs_client */ ;
/*!50003 SET character_set_results = @saved_cs_results */ ;
/*!50003 SET collation_connection  = @saved_col_connection */ ;
/*!50003 DROP PROCEDURE IF EXISTS `updateContact` */;
/*!50003 SET @saved_cs_client      = @@character_set_client */ ;
/*!50003 SET @saved_cs_results     = @@character_set_results */ ;
/*!50003 SET @saved_col_connection = @@collation_connection */ ;
/*!50003 SET character_set_client  = utf8 */ ;
/*!50003 SET character_set_results = utf8 */ ;
/*!50003 SET collation_connection  = utf8_general_ci */ ;
/*!50003 SET @saved_sql_mode       = @@sql_mode */ ;
/*!50003 SET sql_mode              = 'STRICT_TRANS_TABLES,NO_AUTO_CREATE_USER,NO_ENGINE_SUBSTITUTION' */ ;
DELIMITER ;;
/*!50003 CREATE*/ /*!50020 DEFINER=`root`@`%`*/ /*!50003 PROCEDURE `updateContact`(

IN id char(15),

IN cusid char(15),

IN Lname char(30),

IN Fname char(30),

IN phone char(20),

IN mobile char(20),

IN email char(30),

IN title char(15),

IN pref char(5),

IN lang char(5),

Out success boolean)
BEGIN

set success = 0;

update  `groept`.`contact`



    set `conlname` = lname,

    `conFname` = fname,

    `Conphone` = phone,

    `conmobile` = mobile,

    `conemail` = email,

    `contitle` = title,

    `conpref` = pref,

    `ConLang` = lang

    

    where idcontact = id and idcus = cusid;

    

if(@rows = 1) then

    set success = 1;

end if;

END */;;
DELIMITER ;
/*!50003 SET sql_mode              = @saved_sql_mode */ ;
/*!50003 SET character_set_client  = @saved_cs_client */ ;
/*!50003 SET character_set_results = @saved_cs_results */ ;
/*!50003 SET collation_connection  = @saved_col_connection */ ;
/*!50003 DROP PROCEDURE IF EXISTS `updateCustomer` */;
/*!50003 SET @saved_cs_client      = @@character_set_client */ ;
/*!50003 SET @saved_cs_results     = @@character_set_results */ ;
/*!50003 SET @saved_col_connection = @@collation_connection */ ;
/*!50003 SET character_set_client  = utf8 */ ;
/*!50003 SET character_set_results = utf8 */ ;
/*!50003 SET collation_connection  = utf8_general_ci */ ;
/*!50003 SET @saved_sql_mode       = @@sql_mode */ ;
/*!50003 SET sql_mode              = 'STRICT_TRANS_TABLES,NO_AUTO_CREATE_USER,NO_ENGINE_SUBSTITUTION' */ ;
DELIMITER ;;
/*!50003 CREATE*/ /*!50020 DEFINER=`root`@`%`*/ /*!50003 PROCEDURE `updateCustomer`(
IN id char(15), 
in Cname char(50), 
in cvat char(15), 
in phone char(20), 
in fax char(20), 
in Mobile char(20), 
in email char(30), 
in website char(40), 
in cType char(5), 
in class char(5), 
in lang char(5), 
in Cur char(5),
in Pay char(5),
in cactivity char(100),
in caccount char(20),
in cinfo char(50),
out success boolean)
BEGIN
set success = 0;
update `groept`.`customer` set Cusname = Cname,
 cusVat = cvat,
 cusphone = phone,
 cusfax = fax,
 cusmobile = mobile,
 cusemail = email,
 cuswebsite = website,
 custype = ctype,
 cusclass = class,
 cuslang = lang,
 cuscur = cur,
 cusPay = Pay,
 cusActivity = cactivity,
 cusAccount = caccount,
 cusInfo = cinfo
 where idcus = id;

if(@rows > 0) then
 set Success = 1;
end if;
END */;;
DELIMITER ;
/*!50003 SET sql_mode              = @saved_sql_mode */ ;
/*!50003 SET character_set_client  = @saved_cs_client */ ;
/*!50003 SET character_set_results = @saved_cs_results */ ;
/*!50003 SET collation_connection  = @saved_col_connection */ ;
/*!50003 DROP PROCEDURE IF EXISTS `updateFreeText` */;
/*!50003 SET @saved_cs_client      = @@character_set_client */ ;
/*!50003 SET @saved_cs_results     = @@character_set_results */ ;
/*!50003 SET @saved_col_connection = @@collation_connection */ ;
/*!50003 SET character_set_client  = utf8 */ ;
/*!50003 SET character_set_results = utf8 */ ;
/*!50003 SET collation_connection  = utf8_general_ci */ ;
/*!50003 SET @saved_sql_mode       = @@sql_mode */ ;
/*!50003 SET sql_mode              = 'STRICT_TRANS_TABLES,NO_AUTO_CREATE_USER,NO_ENGINE_SUBSTITUTION' */ ;
DELIMITER ;;
/*!50003 CREATE*/ /*!50020 DEFINER=`root`@`localhost`*/ /*!50003 PROCEDURE `updateFreeText`(
IN id char(15),
IN lan char(5),
in ftext varchar(512),
Out success boolean)
BEGIN
set success = 0;

update `freetext`
set FreeText = ftext
where 
 idFreeText = id and  FreeLanguage = lan;
 
if(@rows > 0) then
    set success = 1;
end if;
END */;;
DELIMITER ;
/*!50003 SET sql_mode              = @saved_sql_mode */ ;
/*!50003 SET character_set_client  = @saved_cs_client */ ;
/*!50003 SET character_set_results = @saved_cs_results */ ;
/*!50003 SET collation_connection  = @saved_col_connection */ ;
/*!50003 DROP PROCEDURE IF EXISTS `updateInvoiceDetail` */;
/*!50003 SET @saved_cs_client      = @@character_set_client */ ;
/*!50003 SET @saved_cs_results     = @@character_set_results */ ;
/*!50003 SET @saved_col_connection = @@collation_connection */ ;
/*!50003 SET character_set_client  = utf8 */ ;
/*!50003 SET character_set_results = utf8 */ ;
/*!50003 SET collation_connection  = utf8_general_ci */ ;
/*!50003 SET @saved_sql_mode       = @@sql_mode */ ;
/*!50003 SET sql_mode              = 'STRICT_TRANS_TABLES,NO_AUTO_CREATE_USER,NO_ENGINE_SUBSTITUTION' */ ;
DELIMITER ;;
/*!50003 CREATE*/ /*!50020 DEFINER=`root`@`%`*/ /*!50003 PROCEDURE `updateInvoiceDetail`(

in id char(15), in detLine decimal(3,0), in prodid char(15), 

in qty decimal(7,2), in measure char(5), in price decimal(9,2), 

in vat char(5), in comments varchar(256), out success boolean)
BEGIN



set success = 0;

update `groept`.`invoicedetail` set

 `invprodid` = prodid, `invQty`= qty, `invmeasure` = measure, `invPrice` = price, `invvat` = vat, invcomments = comments



where idInvoice = id and invDetline = detline;

if (@rows > 0) then

 set success = 1;

end if;

END */;;
DELIMITER ;
/*!50003 SET sql_mode              = @saved_sql_mode */ ;
/*!50003 SET character_set_client  = @saved_cs_client */ ;
/*!50003 SET character_set_results = @saved_cs_results */ ;
/*!50003 SET collation_connection  = @saved_col_connection */ ;
/*!50003 DROP PROCEDURE IF EXISTS `updateInvoiceHeader` */;
/*!50003 SET @saved_cs_client      = @@character_set_client */ ;
/*!50003 SET @saved_cs_results     = @@character_set_results */ ;
/*!50003 SET @saved_col_connection = @@collation_connection */ ;
/*!50003 SET character_set_client  = utf8 */ ;
/*!50003 SET character_set_results = utf8 */ ;
/*!50003 SET collation_connection  = utf8_general_ci */ ;
/*!50003 SET @saved_sql_mode       = @@sql_mode */ ;
/*!50003 SET sql_mode              = 'STRICT_TRANS_TABLES,NO_AUTO_CREATE_USER,NO_ENGINE_SUBSTITUTION' */ ;
DELIMITER ;;
/*!50003 CREATE*/ /*!50020 DEFINER=`root`@`%`*/ /*!50003 PROCEDURE `updateInvoiceHeader`(
in id char(15), in cusid char(15), in addid char(15), in adddlvid char(15), in crtdate datetime, 
in crtuserid char(15), in upddate datetime, 
in upduserid char(15), in indate date, in duedate date, in istatus char(1), in itype char(1), 
in vat boolean, in comments varchar(256), out success boolean)
BEGIN

set success = 0;
update `invoice` set
`invcusid`= cusid, `invaddid` = addid, `invdlvaddid` = adddlvid, `invcrtdate`= crtdate, `invcrtuserid`= crtuserid
,`invupddate` = upddate, `invupduserid` = upduserid, `invdate` = indate, `invduedate` = duedate, `invStatus` = istatus,
`invType` = itype, `invVat` = vat, `invHeaderComments` = comments

where idInvoice = id;

if (@rows > 0) then
 set success = 1;
end if;
END */;;
DELIMITER ;
/*!50003 SET sql_mode              = @saved_sql_mode */ ;
/*!50003 SET character_set_client  = @saved_cs_client */ ;
/*!50003 SET character_set_results = @saved_cs_results */ ;
/*!50003 SET collation_connection  = @saved_col_connection */ ;
/*!50003 DROP PROCEDURE IF EXISTS `updateNumber` */;
/*!50003 SET @saved_cs_client      = @@character_set_client */ ;
/*!50003 SET @saved_cs_results     = @@character_set_results */ ;
/*!50003 SET @saved_col_connection = @@collation_connection */ ;
/*!50003 SET character_set_client  = utf8 */ ;
/*!50003 SET character_set_results = utf8 */ ;
/*!50003 SET collation_connection  = utf8_general_ci */ ;
/*!50003 SET @saved_sql_mode       = @@sql_mode */ ;
/*!50003 SET sql_mode              = 'STRICT_TRANS_TABLES,NO_AUTO_CREATE_USER,NO_ENGINE_SUBSTITUTION' */ ;
DELIMITER ;;
/*!50003 CREATE*/ /*!50020 DEFINER=`root`@`localhost`*/ /*!50003 PROCEDURE `updateNumber`(
in cat char(5), 
in nyear decimal(4), 
in strvalue char(15), 
in lstvalue char(15),
out success boolean)
BEGIN

set success = 0;
update `number`
set  nbrStrValue = strvalue, nbrLstValue = lstvalue
where nbrCategory = cat and nbrYear = nYear;

if (@rows > 0) then
 set success = 1;
end if;
END */;;
DELIMITER ;
/*!50003 SET sql_mode              = @saved_sql_mode */ ;
/*!50003 SET character_set_client  = @saved_cs_client */ ;
/*!50003 SET character_set_results = @saved_cs_results */ ;
/*!50003 SET collation_connection  = @saved_col_connection */ ;
/*!50003 DROP PROCEDURE IF EXISTS `updatePrice` */;
/*!50003 SET @saved_cs_client      = @@character_set_client */ ;
/*!50003 SET @saved_cs_results     = @@character_set_results */ ;
/*!50003 SET @saved_col_connection = @@collation_connection */ ;
/*!50003 SET character_set_client  = utf8 */ ;
/*!50003 SET character_set_results = utf8 */ ;
/*!50003 SET collation_connection  = utf8_general_ci */ ;
/*!50003 SET @saved_sql_mode       = @@sql_mode */ ;
/*!50003 SET sql_mode              = 'STRICT_TRANS_TABLES,NO_AUTO_CREATE_USER,NO_ENGINE_SUBSTITUTION' */ ;
DELIMITER ;;
/*!50003 CREATE*/ /*!50020 DEFINER=`root`@`%`*/ /*!50003 PROCEDURE `updatePrice`(

in id char(15), in pcode char(15), in dfrom datetime, in unit decimal(9,2), in measure char(5), out success boolean)
BEGIN

 set success = 0;

   update  `groept`.`price`

set 

`priProdid` = pcode,

`Prifrom` = dfrom,

`priunit` = unit,

`Primeasure` = measure

where idPrice = id;



if (@rows > 0) then

 set success = 1;

end if;

END */;;
DELIMITER ;
/*!50003 SET sql_mode              = @saved_sql_mode */ ;
/*!50003 SET character_set_client  = @saved_cs_client */ ;
/*!50003 SET character_set_results = @saved_cs_results */ ;
/*!50003 SET collation_connection  = @saved_col_connection */ ;
/*!50003 DROP PROCEDURE IF EXISTS `updateProduct` */;
/*!50003 SET @saved_cs_client      = @@character_set_client */ ;
/*!50003 SET @saved_cs_results     = @@character_set_results */ ;
/*!50003 SET @saved_col_connection = @@collation_connection */ ;
/*!50003 SET character_set_client  = utf8 */ ;
/*!50003 SET character_set_results = utf8 */ ;
/*!50003 SET collation_connection  = utf8_general_ci */ ;
/*!50003 SET @saved_sql_mode       = @@sql_mode */ ;
/*!50003 SET sql_mode              = 'STRICT_TRANS_TABLES,NO_AUTO_CREATE_USER,NO_ENGINE_SUBSTITUTION' */ ;
DELIMITER ;;
/*!50003 CREATE*/ /*!50020 DEFINER=`root`@`%`*/ /*!50003 PROCEDURE `updateProduct`(

in id char(15), in pcode char(15), in dsc char(30), in cat char(5), in ptype char(5), out success boolean)
BEGIN

 set success = 0;

   update `groept`.`product`

set 

`ProdCode` = pCode,

`ProdDesc` = Dsc,

`ProdCat` = Cat,

`ProdType` = pType

where `idProd` = id;





if (@rows > 0) then

 set success = 1;

end if;

END */;;
DELIMITER ;
/*!50003 SET sql_mode              = @saved_sql_mode */ ;
/*!50003 SET character_set_client  = @saved_cs_client */ ;
/*!50003 SET character_set_results = @saved_cs_results */ ;
/*!50003 SET collation_connection  = @saved_col_connection */ ;
/*!50003 DROP PROCEDURE IF EXISTS `updateQuoteDetail` */;
/*!50003 SET @saved_cs_client      = @@character_set_client */ ;
/*!50003 SET @saved_cs_results     = @@character_set_results */ ;
/*!50003 SET @saved_col_connection = @@collation_connection */ ;
/*!50003 SET character_set_client  = utf8 */ ;
/*!50003 SET character_set_results = utf8 */ ;
/*!50003 SET collation_connection  = utf8_general_ci */ ;
/*!50003 SET @saved_sql_mode       = @@sql_mode */ ;
/*!50003 SET sql_mode              = 'STRICT_TRANS_TABLES,NO_AUTO_CREATE_USER,NO_ENGINE_SUBSTITUTION' */ ;
DELIMITER ;;
/*!50003 CREATE*/ /*!50020 DEFINER=`root`@`%`*/ /*!50003 PROCEDURE `updateQuoteDetail`(

in id char(15), in detLine int(3), in prodid char(15), 

in qty decimal(7,2), in measure char(5), in price decimal(9,2), in comments varchar(256),  out success boolean)
BEGIN



set success = 0;

update `groept`.`quotedetail`

set qteprodid = prodid,

 qteQty = Qty,

 qtemeasure = measure,

 qtePrice = Price,

 qteComments = comments



where `idQuote` = id

and qteDetline = detline;

if (@rows > 0) then

 set success = 1;

end if;

END */;;
DELIMITER ;
/*!50003 SET sql_mode              = @saved_sql_mode */ ;
/*!50003 SET character_set_client  = @saved_cs_client */ ;
/*!50003 SET character_set_results = @saved_cs_results */ ;
/*!50003 SET collation_connection  = @saved_col_connection */ ;
/*!50003 DROP PROCEDURE IF EXISTS `updateQuoteHeader` */;
/*!50003 SET @saved_cs_client      = @@character_set_client */ ;
/*!50003 SET @saved_cs_results     = @@character_set_results */ ;
/*!50003 SET @saved_col_connection = @@collation_connection */ ;
/*!50003 SET character_set_client  = utf8 */ ;
/*!50003 SET character_set_results = utf8 */ ;
/*!50003 SET collation_connection  = utf8_general_ci */ ;
/*!50003 SET @saved_sql_mode       = @@sql_mode */ ;
/*!50003 SET sql_mode              = 'STRICT_TRANS_TABLES,NO_AUTO_CREATE_USER,NO_ENGINE_SUBSTITUTION' */ ;
DELIMITER ;;
/*!50003 CREATE*/ /*!50020 DEFINER=`root`@`%`*/ /*!50003 PROCEDURE `updateQuoteHeader`(

in id char(15), 

in cusid char(15), 

in dlvaddid char(15), 

in crtdate datetime, 

in crtuserid char(15), 

in upddate datetime, 

in upduserid char(15),

in reqdlvdate date, 

in qstatus char(5), 

in qtype char(5), 

in vat boolean, 

in qComments varchar(256),

out success boolean)
BEGIN



set success = 0;

update `groept`.`quote` 

set qteCusid = cusid, qteDlvAddId = dlvaddid, qteCrtDate = crtdate, qteCrtUserid = crtuserid, 

qteUpdDate = upddate, qteUpdUserId = upduserid, qteReqDlvdate = reqdlvdate, 

qteStatus = qStatus, qteType = qType, qteVat = Vat, qteHeaderComments = qcomments

where idQuote = id;



if (@rows > 0) then

 set success = 1;

end if;

END */;;
DELIMITER ;
/*!50003 SET sql_mode              = @saved_sql_mode */ ;
/*!50003 SET character_set_client  = @saved_cs_client */ ;
/*!50003 SET character_set_results = @saved_cs_results */ ;
/*!50003 SET collation_connection  = @saved_col_connection */ ;
/*!40103 SET TIME_ZONE=@OLD_TIME_ZONE */;

/*!40101 SET SQL_MODE=@OLD_SQL_MODE */;
/*!40014 SET FOREIGN_KEY_CHECKS=@OLD_FOREIGN_KEY_CHECKS */;
/*!40014 SET UNIQUE_CHECKS=@OLD_UNIQUE_CHECKS */;
/*!40101 SET CHARACTER_SET_CLIENT=@OLD_CHARACTER_SET_CLIENT */;
/*!40101 SET CHARACTER_SET_RESULTS=@OLD_CHARACTER_SET_RESULTS */;
/*!40101 SET COLLATION_CONNECTION=@OLD_COLLATION_CONNECTION */;
/*!40111 SET SQL_NOTES=@OLD_SQL_NOTES */;

-- Dump completed on 2012-11-17 15:24:35
